video_id,title,published_at,duration,viewCount,likeCount,commentCount,engagement_total,tags
mUHg7LtTxVw,RANGGA & CINTA KINI DI PAWAGAM MALAYSIA,2025-11-06 03:05:05,PT2M8S,902,31,1,32,"grand,brilliance"
8g3DOIW_fgE,RANGGA & CINTA FINAL TRAILER (DI PAWAGAM MALAYSIA 6 NOVEMBER 2025),2025-10-28 02:27:36,PT1M32S,1238,29,4,33,"grand,brilliance"
UXlbhMNkzz4,DI SEBALIK TABIR QIFARAH | DI PAWAGAM 9 OKTOBER 2025,2025-10-05 12:53:19,PT23M40S,23322,332,58,390,"grand,brilliance"
-yOEf2IYyTI,OFFICIAL TRAILER | QIFARAH 9 OKTOBER 2025,2025-09-19 13:00:02,PT1M37S,69056,746,139,885,"Qifarah,primeworks,horror,seram"
uYcjKirEdEs,TEASER TRAILER | QIFARAH 9 OKTOBER 2025,2025-09-11 13:03:17,PT30S,6528,89,18,107,"grand,brilliance"
np50CI4NlD8,TRAILER RASMI SORE: ISTRI DARI MASA DEPAN DI PAWAGAM MALAYSIA 25 SEPTEMBER 2025,2025-09-01 13:01:33,PT2M7S,5783,97,33,130,
0SK6D_iurzM,BLOOD BROTHERS: BARA NAGA - Traffic Jam Gun Fight,2025-05-08 11:54:38,PT15S,56062,262,38,300,"grand,brilliance"
pGCDWY2CZaQ,BLOOD BROTHERS : BARA NAGA - Bluetooth Connected!,2025-05-07 09:01:20,PT23S,36135,437,21,458,"grand,brilliance"
VaaRVn4haQc,BLOOD BROTHERS: BARA NAGA - Ariff Rooftop Fight,2025-05-06 09:10:25,PT18S,52350,595,72,667,
UhbG-F5oIDU,BLOOD BROTHERS : BARA NAGA - Abang Jambang vs Ah Long.,2025-05-05 09:15:04,PT31S,115775,753,82,835,"grand,brilliance"
OrdQCnNN4zE,"BLOOD BROTHERS : BARA NAGA - ""Dulu ditindas, sekarang di atas""",2025-05-04 12:06:49,PT56S,40682,505,45,550,"grand,brilliance"
E7qgByYGShg,"BLOOD BROTHERS : BARA NAGA - Assalamualaikum, Boom!",2025-05-03 12:03:08,PT14S,47578,521,80,601,"grand,brilliance"
jbyZ8aFGRM4,BLOOD BROTHERS : BARA NAGA - Ariff vs Ghaz showdown.,2025-05-02 05:00:42,PT51S,74514,799,147,946,"grand,brilliance"
SrjOqcd-F-M,"BLOOD BROTHERS : BARA NAGA - Ariff vs Malik, Rooftop Fight",2025-04-29 13:00:53,PT26S,65519,661,50,711,"grand,brilliance"
By5rGQBMRn4,BLOOD BROTHERS : BARA NAGA - Jaki P.I.,2025-04-28 12:55:00,PT27S,18335,193,23,216,"grand,brilliance"
Fjc_1Zdp9Pc,BLOOD BROTHERS : BARA NAGA - Asam Kasi Kaw!,2025-04-25 12:00:33,PT21S,58082,547,52,599,"grand,brilliance"
zcpJj4_-Gtk,BLOOD BROTHERS : BARA NAGA - Blood Brothers Epic Walk.,2025-04-24 12:01:45,PT1M2S,158756,1704,251,1955,"grand,brilliance"
WNeB-cq-3rc,"BLOOD BROTHERS : BARA NAGA - Ghaz and Ariff, Traffic Jam Tension",2025-04-23 12:01:01,PT55S,69528,752,120,872,"grand,brilliance"
KNAVdBIj_Uc,DI SEBALIK TABIR 6 JILAKE | DI PAWAGAM 24 APRIL 2025,2025-04-20 09:30:06,PT24M,73301,641,107,748,"grand,brilliance"
MA8B9J1Jiao,DI SEBALIK TABIR BLOOD BROTHERS : BARA NAGA | DI PAWAGAM 10 APRIL 2025,2025-04-06 08:00:19,PT23M10S,458509,4256,537,4793,
d1nGdLRejl0,ACTION TRAILER BLOOD BROTHERS : BARA NAGA | DI PAWAGAM 10 APRIL 2025,2025-03-30 13:00:06,PT1M1S,221556,2068,156,2224,"grand,brilliance"
7Jtz56KnhnU,TRELER RASMI 6 JILAKE | DI PAWAGAM 24 APRIL 2025,2025-03-26 05:14:51,PT1M30S,106720,1162,212,1374,
lAaRs4S9LvE,BLOOD BROTHERS: TV SPOT #2 🩸🔥 #bloodbrothers #baranaga,2025-03-23 12:29:14,PT31S,13269,228,2,230,
XEjI9sbOcgk,BLOOD BROTHERS: TV SPOT #1 🩸🔥 #bloodbrothers #baranaga,2025-03-23 11:02:43,PT31S,705,17,0,17,
cdFNp2gHLJo,TEASER TRELER RASMI 6 JILAKE #2 | DI PAWAGAM 24 APRIL 2025,2025-03-21 14:00:43,PT15S,5764,80,11,91,"grand,brilliance"
Zc_EPW1RQZw,TEASER TRELER RASMI 6 JILAKE #1 | DI PAWAGAM 24 APRIL 2025,2025-03-18 14:30:29,PT15S,6375,102,15,117,"grand,brilliance"
tUYQjUvXRog,BLOOD BROTHERS: BARA NAGA TV SPOT #2 | DI PAWAGAM 10 APRIL 2025,2025-03-17 13:01:23,PT31S,20732,268,29,297,"grand,brilliance"
TIjkLu2o7mI,BLOOD BROTHERS: BARA NAGA TV SPOT #1 | DI PAWAGAM 10 APRIL 2025,2025-03-10 13:00:43,PT31S,15150,181,19,200,"grand,brilliance"
QWnaYorT0Wo,TRAILER RASMI BLOOD BROTHERS : BARA NAGA | DI PAWAGAM 10 APRIL 2025,2025-03-03 14:00:06,PT2M16S,1376722,14871,2125,16996,"grand,brilliance"
wZ2sqLUcgqA,Ejen Ali The Movie Tayangan Semula!,2025-02-05 13:15:30,PT35S,1433,43,0,43,"grand,brilliance"
LTiHfcY_TNU,Siapa Tahu Jawapan Teka-Teki Ini?,2025-01-15 09:15:21,PT1M1S,881,15,0,15,"grand,brilliance"
LCG5EJIpqXo,Lagu ini terperangkap sejak 8 tahun lepas?,2025-01-15 09:12:57,PT1M,799,13,0,13,"grand,brilliance"
M9AUrBZOvIE,Sini Cakap - Tyra Remy terperangkap semasa penggambaran muzik video?,2025-01-15 09:08:03,PT17M48S,260,5,0,5,"grand,brilliance"
vFBi74Rc2hE,Terperangkap semasa penggambaran muzik video? 😱😰,2025-01-15 08:36:16,PT1M1S,672,10,0,10,"grand,brilliance"
HTbjRqfODng,RAHSIA GELAP DIBONGKAR: BISIKAN DOSA | DI PAWAGAM 9 JANUARI 2025,2025-01-05 09:30:06,PT24M35S,5994,75,6,81,"grand,brilliance"
QMOGnKU8zL0,'TEASER' TRELER #2 FILEM BISIKAN DOSA | 9 JANUARI 2025,2024-12-15 06:47:25,PT31S,1205,7,1,8,"grand,brilliance"
dUcceUNsX84,PROMO EKSKLUSIF FILEM BISIKAN DOSA | 9 JANUARI 2025,2024-12-15 06:44:50,PT31S,1234,13,1,14,"grand,brilliance"
fjuO6yq7Bd0,'TEASER' TRELER #1 FILEM BISIKAN DOSA | 9 JANUARI 2025,2024-12-13 07:18:55,PT17S,1204,7,0,7,"grand,brilliance"
g7e95wIDBOY,OST Filem Bisikan Dosa - Sehidup Semati,2024-12-12 13:27:50,PT18S,1471,24,2,26,"grand,brilliance"
0wQA2huNF8Q,TRELER RASMI FILEM BISIKAN DOSA | 9 JANUARI 2025,2024-12-12 13:22:54,PT2M1S,15090,75,20,95,"grand,brilliance"
LiS2Os8YkTc,TYRA REMY - SEHIDUP SEMATI | OST BISIKAN DOSA | 9 JANUARI 2025,2024-12-12 10:21:55,PT4M17S,1216,16,4,20,"grand,brilliance"
uh0S1_iAV_0,TRELER RASMI JANGAN PANDANG BELAKANG 2 I DI PAWAGAM 21 NOVEMBER 2024,2024-11-12 01:45:03,PT1M40S,13367,84,18,102,"grand,brilliance"
sPRml-HdK7k,DI SEBALIK TABIR REEZA GTR I DI PAWAGAM 17 OKTOBER 2024,2024-10-14 04:00:32,PT24M,10955,168,19,187,"grand,brilliance,Reeza GTR,ALIF SATAR,SOPHIA ALBARAKBAH,FILEM LOKAL,PRIMEWORKS STUDIOS,GTR"
nNJl4vvlRok,INI BUKAN BORAK KOSONG - DOTTIE BAGI AMARAN KEPADA YANG NAK JADI ARTIS,2024-09-08 05:08:00,PT10M24S,354,2,1,3,"grand,brilliance"
PP1e8q-_kqU,INI BUKAN BORAK KOSONG - AYA AMIRUDDIN ISTERI SOLEHAH?,2024-09-07 05:05:46,PT10M20S,810,8,0,8,"grand,brilliance"
JrJsyihrxeE,INI BUKAN BORAK KOSONG - ISYARIANA TRAUMA DENGAN LELAKI?,2024-08-17 04:57:52,PT8M12S,691,22,4,26,"grand,brilliance"
YuAEvCREXGc,CINTAMU OLEH AMER MUNAWER BINYUSOFF FT SYED YASSIN & ABDUL RAHIM,2024-07-05 12:05:02,PT2M1S,2132,18,0,18,"grand,brilliance,AMER MUNAWER,RUFFEDGE,SAKA PERAWAN,OST,FILEM MELAYU,PRIMEWORKS STUDIOS,CINTAMU"
Bf5R3A_nv3I,UNPLUGGED FILEM I SAKA PERAWAN | DI PAWAGAM 27 JUN 2024,2024-06-27 05:02:04,PT4M59S,2776,50,7,57,"grand,brilliance"
JIdHaE9ljAg,DI SEBALIK TABIR FILEM SAKA PERAWAN | DI PAWAGAM 27 JUN 2024,2024-06-26 13:00:07,PT24M,23368,254,0,254,"grand,brilliance,saka perawan,senario,sophiaalbarakbah,filemmelayu,disebaliktabir"
fQffvVTRD60,TRAILER SAKA PERAWAN 2 I DI PAWAGAM 27 JUN 2024,2024-06-25 09:57:35,PT30S,9299,42,1,43,"grand,brilliance,primeworks studios,filem melayu,senario,azlee"
EhLbbYC_6_4,TRAILER SAKA PERAWAN 1 I DI PAWAGAM 27 JUN 2024,2024-06-25 09:42:53,PT30S,11974,53,1,54,"grand,brilliance,Primeworks studios,seram komedi,filem melayu"
DbbxgevhSw4,TEASER PROMO SAKA PERAWAN | DI PAWAGAM 27 JUN 2024 | #1,2024-06-25 08:43:48,PT15S,6381,23,0,23,"grand,brilliance"
hUD5tTkPtKQ,TEASER PROMO SAKA PERAWAN | DI PAWAGAM 27 JUN 2024 | #3,2024-06-25 08:44:20,PT6S,2428,7,0,7,"grand,brilliance"
TCkzMkfD0pQ,TEASER PROMO SAKA PERAWAN | DI PAWAGAM 27 JUN 2024 | #2,2024-06-25 08:44:31,PT15S,3880,21,2,23,"grand,brilliance"
VLsYd7GQYLU,SAKA PERAWAN | TRELER RASMI | 27 JUN 2024,2024-05-30 13:00:21,PT1M42S,71332,1108,40,1148,"grand,brilliance,sakaperawan,primeworksstudios"
K4NxcbTBMfM,DI SEBALIK TABIR ANAK PERJANJIAN SYAITAN 2,2024-01-07 09:30:08,PT24M,40826,353,25,378,"grand,brilliance"
GAAfNEh0ReY,ANAK PERJANJIAN SYAITAN 2 | TRELER RASMI | DI PAWAGAM 4 JANUARI 2024,2023-12-01 13:00:08,PT1M47S,336427,1218,142,1360,"grand,brilliance,studio,Primeworks Studios,Film,Malaysia,Media Prima,Seram,Anak Perjanjian Syaitan,2024,trailer,official trailer,filem 2024"
2LYiIVCxY-4,Di Sebalik Tabir Pagari Bulan,2023-10-08 09:30:11,PT23M48S,10167,104,23,127,"grand,brilliance"
XQFLTQDW3ew,DI SEBALIK TABIR FILEM WALID,2023-09-23 12:00:07,PT23M52S,1366,22,6,28,"primeworks studios,layar pictures,walid,megat sharizal,namron,areel abu bakar,geran,puteri qaseh izwandy,geranian stunt team,tok lekir,fad anuar,feiyna tajudin,silat,silat gayung,lekiuqohar,aliff yasraf,empirefilmsolution,taiyuddinbakar"
rgwV1RDGYIg,Treler Walid,2023-08-28 13:00:11,PT1M58S,1516,29,7,36,"grand,brilliance"
fGtn1c_OByQ,OFFICIAL TRAILER SUMPAHAN JERUNEI | DI PAWAGAM 27 JULAI 2023,2023-07-06 13:00:29,PT1M30S,8835,106,4,110,"Primeworks Studio,Sumpahan Jerunei,Anda telah Diberi Amaran!"
joVWmmkLxiE,#HYPNOTIC2023 OFFICIAL FULL TRAILER | BEN AFFLECK | A ROBERT RODRIGUEZ FILM,2023-06-11 09:00:32,PT2M29S,403,5,0,5,"grand,brilliance"
lhkxnGP0HaI,#HYPNOTIC2023 OFFICIAL TRAILER 2 | BEN AFFLECK | A ROBERT RODRIGUEZ FILM,2023-06-10 16:28:29,PT30S,393,1,0,1,"grand,brilliance"
dF3D8zT_rHo,#HYPNOTIC2023 OFFICIAL TRAILER 1 | BEN AFFLECK | A ROBERT RODRIGUEZ FILM,2023-06-09 04:00:23,PT31S,379,3,2,5,"primeworksstudios,primeworksstudiosfilm"
dyJUf6gxBr0,OFFICIAL TRAILER 2 OPERATION FORTUNE: RUSE DE GUERRE,2023-03-15 04:00:14,PT30S,25939,9,0,9,"OPERATIONFORTUNE,OPERATIONFORTUNEMY"
Mwj7cL3MwpQ,OFFICIAL TRAILER OPERATION FORTUNE: RUSE DE GUERRE,2023-03-13 04:16:50,PT30S,25670,9,0,9,"grand,brilliance"
jkmprtu4H_4,TRAILER 2 COAST GUARD: OPS HELANG | KINI DI PAWAGAM,2023-02-10 12:00:11,PT30S,3861,30,3,33,"grand,brilliance"
akB2i4u0OzY,TRAILER COAST GUARD: OPS HELANG | KINI DI PAWAGAM,2023-02-10 07:13:52,PT1M,39037,177,21,198,"grand,brilliance"
51pTgRdFv_4,COAST GUARD: OPS HELANG | DI PAWAGAM 2 FEBRUARI 2023,2023-02-02 11:06:49,PT31S,6215,46,3,49,"grand,brilliance"
ik91UnaVMys,DI SEBALIK TABIR FILEM COAST GUARD MALAYSIA: OPS HELANG,2023-01-29 09:30:10,PT25M22S,77851,771,106,877,#CoastGuard #OPSHelang
7NXQTGtc8MU,Ejen Ali The Movie - Official Trailer #2 (Uzbekistan),2022-02-16 04:00:03,PT22S,22299,154,0,154,"grand,brilliance,#ejenali #uzbekistan #russia #spykid"
lhNeBVdbFFo,Ejen Ali The Movie - Official Trailer (Uzbekistan),2022-02-15 15:05:20,PT1M23S,3592,56,0,56,"grand,brilliance"
d1kx56dYkVo,CABARAN PENGGAMBARAN | J2: J RETRIBUSI,2021-07-30 07:00:19,PT1M53S,664,8,1,9,"grand,brilliance,primeworks studios,infinitus productions,zul ariffin,ashraf sinclair,j revolusi,j retribusi,filem tempatan,filem aksi,filem melayu,disney"
SbTvwseuWAg,PEMILIHAN PELAKON | J2: J RETRIBUSI,2021-07-30 04:59:00,PT3M7S,1119,13,1,14,"grand,brilliance,primeworks studios,infinitus,j retribusi,j2,j revolusi,zul ariffin,ashraf sinclair,rosyam nor,filem melayu,filem aksi,filem tempatan"
6q2bJ08f73M,AININ BASTRISYA | J2: J RETRIBUSI,2021-07-26 12:00:02,PT33S,2610,81,0,81,"grand,brilliance,primeworks studios,infinitus,zul ariffin,ashraf sinclair,rosyam nor,filem tempatan,filem melayu,j revolusi,j retribusi,j2"
wl4DptDaEJ8,ANAS RIDZUAN | J2: J RETRIBUSI,2021-07-26 08:26:30,PT42S,1426,58,3,61,"grand,brilliance,primeworks studios,infinitus,zul ariffin,ashraf sinclair,anas ridzuan,rosyam nor,j revolusi,j retribusi,filem melayu,j2"
xWVXSdQ8Mds,SIAPA BOSS THEEBAAN? | J2: J RETRIBUSI,2021-07-22 16:25:52,PT1M7S,1905,27,4,31,"grand,brilliance,primeworks,theebaan g,zul ariffin,ashraf sinclair,j revolusi,j retribusi,rosyam nor"
IMteFgHq3pg,CABARAN ZUL UNTUK BABAK AKSI | J2: J RETRIBUSI,2021-07-18 16:00:16,PT2M19S,4841,34,3,37,"grand,brilliance,primeworks,zul ariffin,ashraf sinclair,filem,filem melayu,j revolusi,j retribusi,disney plus"
m1UCPrPKJU0,ROSYAM NOR TERUJA | J2: J RETRIBUSI,2021-07-17 16:00:24,PT1M28S,542,7,0,7,"grand,brilliance,primeworks,j retribusi,zul ariffin,ashraf sinclair,rosyam nor,disney plus,filem,box office,filem melayu"
kMcbn9STg48,MEMORI & KENANGAN DI SET | J2: J RETRIBUSI,2021-07-17 07:38:19,PT3M14S,918,12,1,13,"grand,brilliance,ashraf sinclair,j retribusi,j revolusi,filem,box office,trailer,zul ariffin"
4C_iieny-u8,AMELIA - A CONTROL FREAK? | J2: J RETRIBUSI,2021-06-26 03:00:01,PT1M20S,744,12,1,13,"grand,brilliance,primeworks,zul ariffin,amelia henderson,j retribusi,filem melayu"
B53bzhbEOeU,DI SEBALIK TABIR | J2: J RETRIBUSI,2021-06-23 07:00:03,PT24M,45295,505,53,558,"grand,brilliance,ashraf sinclair,zul ariffin,j revolusi,j retribusi,filem melayu,disney plus,box office,the making of"
aY9HzXNwAjE,ASHRAF SINCLAIR: THE PERFECT BAD GUY | J2: J RETRIBUSI,2021-06-18 12:01:40,PT3M48S,4938,77,11,88,"grand,brilliance,ashraf sinclair,zul ariffin,j retribusi,j revolusi,filem melayu,trailer,box office"
2wX8UoTimq8,ZUL CURI-CURI BUAT STUNT? | J2: J RETRIBUSI,2021-06-13 13:25:45,PT3M11S,7381,100,4,104,"grand,brilliance,zul ariffin,primeworks,infinitus,j2,j retribusi,filem melayu,trailer"
WYpUIXG1T44,BABAK KEGEMARAN ZUL | J2: J RETRIBUSI,2021-06-13 13:17:47,PT3M24S,4265,59,4,63,"grand,brilliance"
oU3efsI03rQ,APA KATA TEAM J2? | J2: J RETRIBUSI,2021-06-12 09:00:14,PT1M47S,1612,31,1,32,"grand,brilliance,j2,j retribusi,ashraf sinclair,zul ariffin,filem,filem melayu,disney,amelia henderson"
w_rGdNHaLxo,[BRUNEI] J2: J RETRIBUSI | DI PAWAGAM 24 JUN 2021 (Official Trailer),2021-06-11 13:00:33,PT2M30S,123630,926,135,1061,"grand,brilliance,primeworks,infinitus,tgv,filem melayu,j2,j retribusi,zul ariffin,ashraf sinclair,tv3,trailer,tuju,ralit,j revolusi"
0GYGFj72990,KELAB GENTLEMEN | 12 SEPTEMBER | 9 MALAM | HANYA DI TV3,2020-09-10 04:00:01,PT30S,2602,33,1,34,"grand,brilliance"
FxFdQKDklEo,Pencipta Pegang Waktu (Promo #5) | 31 Julai 2020 (10pm) di TV3,2020-07-31 08:30:00,PT1M7S,4763,27,0,27,"grand,brilliance,primeworks,telemovie,telefilem,filem,tv3,tv3malaysia,hari raya haji,aidiladha,que haidar,khir rahman,kak ogy,puteri balqis,drama sangat"
n9keLFr6dgg,Pencipta Pegang Waktu (Promo #4) | 31 Julai 2020 (10pm) di TV3,2020-07-30 08:30:03,PT40S,2539,13,0,13,"grand,brilliance,primeworks,que haidar,khir rahman,kak ogy,puteri balqis,telemovie,telefilem,filem,raya haji,aidiladha,tv3,tv3 malaysia,drama sangat"
_Im3TmPnvsc,Pencipta Pegang Waktu (Promo #3) | 31 Julai 2020 (10pm) di TV3,2020-07-29 08:30:02,PT31S,5792,33,3,36,"grand,brilliance,primeworks,que haidar,raya haji,aidiladha,telemovie,telefilem,tv3,tv3 malaysia,khir rahman,kak ogy,puteri balqis,movie,filem,drama,drama sangat"
49-887kym2Y,Pencipta Pegang Waktu (Promo #2) | 31 Julai 2020 (10pm) di TV3,2020-07-28 08:30:00,PT33S,2670,20,2,22,"grand,brilliance,primeworks,film,telemovie,telefilem,drama sangat,tv3,tv3 malaysia,hari raya haji,aidiladha,tonton,que haidar,khir rahman,kak ogy,puteri balqis"
jX1Rbq11T7Q,Pencipta Pegang Waktu (Promo #1) | 31 Julai 2020 (10pm) di TV3,2020-07-27 10:07:13,PT59S,11614,98,14,112,"grand,brilliance,primeworks,gambo,que haidar,telefilem,telemovie,tv3,tv3 malaysia,drama sangat,raya,aidiladha,raya haji,k. rahman,khir rahman,kak ogy,puteri balqis"
h8rM254u9xc,ROCK 4 | MALAYSIA HAR INI | 25 FEB 2020,2020-03-10 04:13:05,PT20M26S,977,9,0,9,"malaysia har ini,mhi,rock 4,rockers never dai,rimba bara 2,bulan terry,adam john,nazimi fahmi,tv3malaysia,shawarni ns"
UHUTVqASb0k,ROCK 4 | WANITA HARI INI | 19 FEB 2020,2020-03-09 11:55:09,PT11M44S,638,10,0,10,"wanita hari ini,whi,tv3malaysia,rock4,rockers never dai,hazama,bulan terry,nazimi fahmi,di pawagam,rimba bara 2"
Tb1-XgLXw-A,ROCK 4 | MELODI | 23 FEB 2020,2020-03-09 11:52:58,PT3M22S,311,4,0,4,"rock 4,rockers never dai,tv3malaysia,melodi,rimbabara2,hazama,adam john,bulan terry,nazimi fahmi"
3F8o5h2YoiA,ROCK 4 | MUZIK MUZIK 35 | 24 FEB 2020,2020-03-09 11:41:52,PT8M39S,573,5,0,5,"Muzik muzik 35,rock 4,rockers never dai,rimba bara 2,hazama,nazimi fahmi,adam john,bulan terry,tv3malaysia"
oxjf889gjaM,ROCK 4 | NONA | 1 MAC 2020,2020-03-09 11:28:02,PT3M5S,240,4,0,4,"Nona,rock 4,rockers never dai,hazama"
Y8EV-1B83fM,ROCK 4 | MALAYSIA HARI INI | 2 MAC 2020,2020-03-09 05:15:08,PT9M29S,350,1,0,1,"rock 4,rockers never dai,mhi,Malaysia hari ini,pekin ibrahim,mamat khalid"
Svvo66VGe-g,ROCK 4 | MELODI | 16 FEB 2020,2020-03-09 04:57:28,PT5M47S,384,5,0,5,"rock 4,rockers never dai,melodi,tv3malaysia,rimbabara2,hazama,adam john,bulan terry,nazimi fahmi"
ndbipdRaO7k,ROCK 4 | BORAK KOPITIAM | 29 FEB 2020,2020-03-09 04:43:14,PT10M28S,382,6,0,6,"borak kopitiam,tv3malaysia,rock 4,rockers never dai,pekin ibrahim,adam john,shawarni ns,nazimi fahmi"
KfxtAJTd5FE,MAMAT KHALID | MELODI | 2 FEB 2020,2020-03-09 04:42:32,PT6M29S,822,15,0,15,"rock 4,rockers never dai,tv3malaysia,rimbabara2,melodi,mamat khalid"
TuWXaTPBSts,KASI TEKA ITU TEKI BERSAMA RIMBA BARA 2 | ROCK 4: ROCKERS NEVER DAI DI PAWAGAM 20 FEBRUARI 2020,2020-02-26 13:00:12,PT8M24S,1430,32,0,32,"grand,brilliance"
ccjO6ejWGKY,UP CLOSE & PERSONAL WITH SHARWANI | ROCK 4: ROCKERS NEVER DAI,2020-02-21 12:00:12,PT3M57S,10879,132,31,163,"grand,brilliance,primeworks,mamat khalid,hantu kak limah,filem melayu,hazama,sharwani,jijoe,amy mat piah,zul kapan,hantu kampung pisang"
Q6-jST5tKOg,UP CLOSE & PERSONAL WITH ADAM JOHN | ROCK 4: ROCKERS NEVER DAI,2020-02-20 12:00:12,PT4M25S,12005,96,88,184,"grand,brilliance,rock 4,rock,rock oo,rock bro,mamat khalid,k rahman,amy mat piah,jijoe,filem melayu"
-rfaWYNJrrc,UP CLOSE & PERSONAL WITH HAZAMA | ROCK 4: ROCKERS NEVER DAI,2020-02-19 12:00:14,PT4M17S,5334,63,12,75,"grand,brilliance,rock,rock 4,rock bro,rock oo,mamat khalid,amy mat piah,jijoe,slash,filem melayu"
gnzOggVdK9A,DI SEBALIK TABIR ROCK 4: ROCKERS NEVER DAI | DI PAWAGAM 20 FEBRUARI 2020,2020-02-19 09:00:40,PT21M7S,83825,730,225,955,"grand,brilliance,mamat khalid,rock bro,rock oo,khir rahman,jijoe,amy mat piah,hazama,adam john"
4n-0PSEVtQk,UP CLOSE & PERSONAL WITH BULAN TERRY | ROCK 4: ROCKERS NEVER DAI,2020-02-18 12:00:13,PT2M59S,9821,83,12,95,"grand,brilliance"
Y9D78TVR6nc,"""KAU YANG BERNAMA SERI"" - HAZAMA |  ROCK 4: ROCKERS NEVER DAI - DI PAWAGAM 20 FEBRUARI 2020",2020-02-18 06:15:13,PT2M47S,363684,5755,472,6227,"grand,brilliance"
AqxdwsZBit8,ROCK 4 - ROCKERS NEVER DAI | DI PAWAGAM 20 FEBRUARI 2020 (30 secs promo),2020-02-17 07:00:00,PT31S,8125,69,11,80,"grand,brilliance,rock,rock bro,rock oo,mamat khalid,k rahman,jijoe,amy mat piah,zul kapan,filem melayu,trailer,zack rock"
C0o9G9lKn40,MALAM GALA ROCK 4: ROCKERS NEVER DAI | DI PAWAGAM 20 FEBRUARI 2020,2020-02-14 07:15:00,PT1M56S,1978,24,4,28,"grand,brilliance"
5vCFUm6EyUI,"""ROCK N ROLL TAKKAN MATI"" - ADAM JOHN | ROCK 4: ROCKERS NEVER DAI - DI PAWAGAM 20 FEBRUARI 2020",2020-02-13 13:00:12,PT2M15S,66108,658,113,771,"grand,brilliance,rock,rock bro,mamat khalid,rock oo,rock 4,filem melayu,lyric video,jijoe"
lJ0JzeWHgeA,Rimba Bara 2 - Penyambung legasi Rock?,2020-02-05 04:00:13,PT1M,25520,251,33,284,"grand,brilliance,primeworks,rock 4,rockers never dai,rimba bara,rimba bara 2,mamat khalid,hantu kak limah,rock bro,rock,rock oo,trailer,filem melayu,filem tempatan"
W8H414PnjKE,Rock 4: Rockers Never Dai - Official Trailer [HD],2020-01-29 04:00:14,PT1M30S,766644,1480,394,1874,"grand,brilliance,tv3,rock bro,rock oo,rock music,primeworks,filem,filem melayu,box office,trailer,movie trailer,filem malaysia,mamat khalid,awie,k. rahman,rimba bara"
GavyXO0FzKc,Ejen Ali The Movie - Official Trailer #2 | Di pawagam 28 November 2019,2019-10-09 04:30:01,PT2M8S,139853,731,0,731,"grand,brilliance,primeworks,wau animation,ejen ali,ejen ali the movie,filem melayu,animasi,animation,ejen alicia,ejen bakar,comot,mdec,ejen fit,ejen bobby,comics,movie trailer"
jSnxhwIM6kc,Sesi Facetime bersama Remy Ishak |  Melodi 25 Sept,2019-09-18 03:47:18,PT3M23S,3668,39,1,40,"Sangkar Movie,Zul Ariffin,Remy Ishak,Mira Filzah,Fadlan Hazim,Ray ERA,Andy Teh,MMA,Filem MMA,Primeworks Studios,Astro Shaw,Infinitus Gold,MM2"
iA4EASo_Fmw,"Nam Ron, Nik Harraz & Gavin Yap | Borak Kopitiam 13 Sept",2019-09-18 03:43:53,PT9M37S,2170,31,3,34,"Dendam Pontianak,Fazura,Remy Ishak,Hisyam Hamid,Nam Ron,Nik Harraz Danish,Tony Eusoff,Shenty Feliziana,Nadia Aqilah,Nadiah M.Din"
s2ud9fKkEBI,"Penyanyi OST Sangkar, Aman RA di Melodi | 1 Sept 2019",2019-09-11 10:36:24,PT21M44S,1344,10,3,13,"Sangkar,Sangkar Movie,Zul Ariffin,Remy Ishak,Mira Filzah,Fadlan Hazim,Ray ERA,Andy Teh,Nik Adam Mika,Filem MMA,MMA"
2JV2Y3oSqdw,Interview Bersama Producer & Aman RA | MHI 20 Aug 1,2019-09-11 10:22:23,PT10M34S,443,7,0,7,"Sangkar,Sangkar Movie,Zul Ariffin,Remy Ishak,Mira Filzah,Fadlan Hazim,Ray ERA,Andy Teh,Nik Adam Mika,Filem MMA,MMA"
DnP0cZIkjdQ,Interview Fazura - Dendam Pontianak | WHI 30 Aug 2019,2019-09-11 09:25:35,PT1M12S,1555,13,1,14,"Dendam Pontianak,Fazura,Remy Ishak,Hisyam Hamid,Nam Ron,Nik Harraz,Shenty Feliziana,Nadia Aqilah,Nadiah M.Din,Pontianak,Filem Seram"
b2BVcWZhJaw,Facetime Bersama Mira Filzah |Melodi 8 Sept 2019,2019-09-11 08:58:56,PT1M59S,3592,54,1,55,"Sangkar,Sangkar Movie,Zul Ariffin,Remy Ishak,Mira Filzah,Fadlan Hazim,Ray ERA,Andy Teh,Nik Adam Mika,MMA,Filem MMA"
Z9amCmtMibI,Facetime Bersama Nik Adam Mika | Melodi 1 Sept 2019,2019-09-11 08:54:19,PT2M15S,35655,633,60,693,"Sangkar,Sangkar Movie,Buan Sekadar Pertarungan,Zul Ariffin,Remy Ishak,Mira Filzah,Andy Teh,Fadlan Hazim,Nik Adam Mika,MMA,Filem MMA"
gzIwfDUX_Nc,Sangkar Gala Premier on BU |  21 Aug,2019-09-03 03:53:22,PT3M11S,486,3,0,3,"Sangkar,Sangkar Movie,Zul Ariffin,Remy Ishak,Mira Filzah,Fadlan Hazim,Ray ERA,Andy Teh,Nik Adam Mika,Bukan Sekadar Pertarungan,Filem MMA,MMA"
epWmhDxna3w,Sangkar Segment |  Melodi 25 Aug,2019-09-03 03:49:31,PT9M20S,9056,80,1,81,"Sangkar,Sangkar Movie,Zul Ariffin,Remy Ishak,Mira Filzah,Fadlan Hazim,Andy Teh,Ray ERA,Nika Adam Mika,Bukan Sekadar Pertarungan,FIlem MMA,MMA"
MCeNu1QvEwU,Interview Bersama Producer Sangkar | BK 24 Aug 2019,2019-09-03 03:38:48,PT10M25S,372,6,0,6,"Zul Ariffin,Remy Ishak,Mira Filzah,Fadlan Hazim,Ray ERA,Andy Teh,Sangkar,Sangkar Movie,Bukan Sekadar Pertarungan,Nik Adam Mika"
VMoZClHKDa4,Sangkar PC Highlight | WHI 23 Aug,2019-09-03 03:28:11,PT2M42S,3341,56,4,60,"Sangkar,Sangkar Movie,Zul Ariffin,Remy Ishak,Mira Filzah,Fadlan Hazim,Ray ERA,Andy Teh,Nik Adam Mika,Bukan Sekadar Pertarungan"
A72f03VPYww,"""O.K"" - Aman RI | MV Lirik Parodi ""Fighter"" OST Sangkar",2019-08-27 03:00:16,PT2M22S,6894,114,6,120,"grand,brilliance,sangkarmovie,sangkar,epic,2019,filem,melayu,aman ra,fighter,primeworks studios,astroshaw,mm2,infinitus,remy ishak,zul ariffin,mira filzah,mma,kickboxing,hip hop,astro"
fcHNOJRFLsE,Temubual Istimewa Bersama Fazura dan Remy Ishak di Melodi | 18/8/2019,2019-08-21 06:42:59,PT5M32S,14377,135,15,150,"Dendam Pontianak,Hanyamu Selamanya,Only You Forever,Fazura,Remy Ishak,Namron,Hisyam Hamid"
dKvpTa8PCGo,Dendam Pontianak Press Conference Highlight on WHI | 19/8/2019,2019-08-21 06:31:49,PT2M20S,3203,28,0,28,"Dendam Pontianak,Hanyamu Selamanya,Only You Forever,Fazura,Remy Ishak,Hisyam Hamid,Namron"
LrQ-AoXLxC8,#SANGKARMOVIE | Interview Sangkar |  Melodi 11 Ogos 2019,2019-08-16 02:31:47,PT1M54S,665,7,0,7,"Sangkar,Sangkar Movie,Zul Ariffin,Remy Ishak,Mira Filzah,Fadlan Hazim,Nik Adam Mika,Andy Teh,Saiful Merican,James McSweeney,MMA,Filem Malaysia,Primeworks Studios"
vayL2VUdzJo,DENDAM PONTIANAK - OFFICIAL TRAILER [HD] (Malaysia) | DI PAWAGAM 12 SEPTEMBER 2019,2019-08-09 12:58:13,PT1M33S,366367,1819,339,2158,"grand,brilliance,revenge of the pontianak,pontianak,hantu,primeworks studios,tiger tiger,filem melayu,trailer,official trailer,box office,nur fazura,fazura,remy,hisyam hamid,wan hanafi su,namron,tony eusoff,filem tempatan,tv3,tv9,astro,seram,drama melayu"
6MLZPHsWU0s,KINGDOM | MELODI 14 JULY 2019,2019-08-02 03:07:10,PT4M54S,1221,23,2,25,"Kingdom,Kento Yamazaki,Ryo Yoshizawa,Manga,Japan,Anime,Remy Ishak,Kuntilanak 2,Mukbang,The Divine Fury,Janna Nick,Zizan Razak,Ajak Shiro,Shiro,TGV Cinema,GSC,MBO,MMC,Primeworks Studios,Media Prima"
KqbV7P7mapg,EJEN ALI THE MOVIE | BULETIN UTAMA - 16 DECEMBER 2018,2019-07-29 09:14:07,PT2M35S,1021,18,0,18,"ejen ali,ejen ali the movie,boboiboy the movie,boboiboy,upin ipin the movie,upin ipin,animasi malaysia,wau animation,gsc,mbo,tgv,animaion,disney,lion king,lion king malaysia,lion king movie,buletin utama,tv3"
6nKcr7XRdZo,EJEN ALI THE MOVIE | BULETIN UTAMA TV3 - 23 MARCH 2019,2019-07-29 09:08:22,PT2M50S,2760,27,4,31,"ejen ali,ejen ali the movie,lion king,lion king the movie,boboiboy,boboiboy the movie,upin ipin,upin ipin the movie,cuti sekolah,box office,gsc,tgv,mbo,mmcineplexes,sangkar,sangkar movie,dendam pontianak"
BS66rEEPRic,Ejen Ali THE MOVIE | BULETIN UTAMA - 30 NOVEMBER 2018,2019-07-29 09:04:57,PT1M44S,1608,23,1,24,"ejen ali,ejen ali the movie,boboiboy the movie,boboiboy,upin ipin,box office,buletin utama tv3,astro,anna,annaballe,makmum,filem,movie,lion king,gsc,tgv,netflix,trailer,animation,disney"
avxDP80UcxI,KINGDOM | BULETIN UTAMA TV3 - 24 JULY 2019,2019-07-29 08:42:22,PT1M56S,1448,17,4,21,"KingdomMY,KINGDOM,Mid Valley,Buletin Utama TV3,Kingdom Malaysia,Box Office,Boboiboy The Movie,Syafie Nazwi,GSC,Anna,Annabelle,Lion King,Dendam Pontianak,Kento Yamazaki,Viral,Doa Neelofa,Trailer Movie,Datin Alyah,Fazura,Sangkar,Filem,Movie 2019"
Fg6VfAVGCWw,KINGDOM | Interview with Kento Yamazaki (Full Clip),2019-07-17 02:57:45,PT6M40S,47747,736,50,786,"grand,brilliance,primeworks,sony,sony japan,kento yamazaki,キングダム,kingdom,ryo yoshizawa,bleach,gantz,manga,anime,trailer,box office,movie trailer,shueisha,live action,action,adventure,jpop,japan,masami nagasawa,kanna hashimoto,shinsuke sato,yasuhisa hara"
VhaIdK5yukM,KINGDOM | Interview with Kento Yamazaki (Part 3),2019-07-08 02:57:47,PT2M45S,16374,172,5,177,"grand,brilliance,primeworks,sony,sony japan,kento yamazaki,キングダム,kingdom,ryo yoshizawa,bleach,gantz,manga,anime,trailer,box office,movie trailer,shueisha,live action,action,adventure,jpop,japan,masami nagasawa,kanna hashimoto,shinsuke sato,yasuhisa hara"
cKz0ncYjT0c,KINGDOM | Kento Yamazaki - MELODI 30 JUN 2019,2019-07-07 02:58:17,PT2M20S,49339,1288,98,1386,"grand,brilliance,primeworks,sony,sony japan,kento yamazaki,キングダム,kingdom,ryo yoshizawa,bleach,gantz,manga,anime,trailer,box office,movie trailer,shueisha,live action,action,adventure,jpop,japan,masami nagasawa,kanna hashimoto,shinsuke sato,yasuhisa hara"
bpVm9kgW_DQ,KINGDOM | Interview with Kento Yamazaki (Part 2),2019-07-06 02:58:19,PT2M12S,27910,374,24,398,"grand,brilliance,primeworks,sony,sony japan,kento yamazaki,キングダム,kingdom,ryo yoshizawa,bleach,gantz,manga,anime,trailer,box office,movie trailer,shueisha,live action,action,adventure,jpop,japan,masami nagasawa,kanna hashimoto,shinsuke sato,yasuhisa hara"
mEUkH6pT6gs,KINGDOM | Interview with Kento Yamazaki (Part 1),2019-07-03 02:57:49,PT1M46S,5847,81,2,83,"grand,brilliance,primeworks,sony,sony japan,kento yamazaki,キングダム,kingdom,ryo yoshizawa,bleach,gantz,manga,anime,trailer,box office,movie trailer,shueisha,live action,action,adventure,jpop,japan,masami nagasawa,kanna hashimoto,shinsuke sato,yasuhisa hara"
xR7NRhi1HWk,KINGDOM | Kento Yamazaki in Singapore (27 May 2019),2019-06-27 02:00:03,PT1M1S,1475,28,1,29,"grand,brilliance,primeworks,sony,sony japan,kento yamazaki,キングダム,kingdom,ryo yoshizawa,bleach,gantz,manga,anime,trailer,box office,movie trailer,shueisha,live action,action,adventure,jpop,japan,masami nagasawa,kanna hashimoto,shinsuke sato,yasuhisa hara"
L-Iu_KBeWik,KINGDOM | TV Promo [BM],2019-06-24 02:00:01,PT30S,439576,68,2,70,"grand,brilliance,primeworks,filem,trailer,box office,japan,japanese,jpop,kento yamazaki,ryo yoshizawa,manga,anime,yasuhisa hara,shinsuke sato,shueisha,masami nagasawa,kanna hashimoto,gantz,bleach,live action,action,adventure,movei trailer"
pvqloeUzDQc,SANGKAR | 'FIRST LOOK' TEASER [HD],2019-04-08 04:00:08,PT30S,102368,887,176,1063,"primeworks,infinitus,mm2,sangkar,remy ishak,zul ariffin,mira filzah,mma,boxing,martial arts,ufc,kabib,mcgregor,one fc,one championship,filem,filem melayu,trailer,tv3 malaysia"
842geI-qRFg,#ROCK4: ROCKERS NEVER DAI | ANUGERAH JUARA LAGU 33,2019-02-08 08:09:56,PT1M51S,22829,153,7,160,"grand,brilliance"
jk2OIOMoV3Y,ROCK4: ROCKERS NEVER DAI | TEASER,2019-02-04 05:18:06,PT1M1S,28820,210,41,251,"rockoo,rockbro,mamatkhalid,hazama,ajl33,mishaomar,haram,healhusaini,dayangnurfaizah,sampaibila,arajohari,bunga,nicog,joefilzow,budakflat,amanra,amysearch,rockkapak,filemwajibtonton2019,tv3,bossku,maluapabossku,onxon,najibrazak,emmamaebong,elfiraloy,sufiansuhaimi,dimatamu"
V122ou6RCe8,SANGKAR | OFFICIAL TEASER [HD],2018-12-12 04:13:33,PT20S,29540,182,45,227,"grand,brilliance,remy ishak,zul ariffin,mira filzah,nik adam mika,mma,mixed martial arts,james mcsweeney,one fc,primeworks,movie trailer,filem melayu,tv3"
VebzpP81D8k,#7UJUH | BULETIN 1:30 | 1 NOVEMBER 2018,2018-11-12 05:16:46,PT1M41S,1029,7,0,7,"grand,brilliance,7ujuh,filem tujuh,siti saleha,marsha milan,aeril zafrel,johan asari,filem melayu,seram,horror,thriller"
O_uCwD699Zw,#7UJUH | MELODI | 4 NOVEMBER 2018,2018-11-12 05:14:36,PT3M34S,385,6,0,6,"grand,brilliance,seram,thriller,file melayu,siti saleha,marsha milan,aeril zafrel,munafik,hantu kak limah,johan asari,syamsul yusof,melodi"
c7fCT4qC2m0,#7UJUH | BORAK KOPITIAM | 2 NOVEMBER 2018,2018-11-12 05:08:24,PT3M47S,514,5,1,6,"grand,brilliance,tujuh,7ujuh,marsha milan,siti saleha,aeril zafrel,munafik,syamsul yusof,maya karin,langsuir,syafiq kyle,johan asari,filem melayu,horror,thriller"
-jNWN-iFiVg,#7UJUH | DI SEBALIK TABIR,2018-11-07 04:30:07,PT21M3S,18386,126,11,137,"grand,brilliance,hantu,seram,horror,filem melayu,hantu kak limah,syamsul yusof,maya karin,siti saleha,marsha milan,aeril zafrel,johan asari,tujuh,filem tujuh,7ujuh,syafiq kyle,langsuir,paskal"
I6KTS5odsEA,#7UJUH - OPENS IN SINGAPORE 15 NOVEMBER 2018,2018-11-05 08:37:54,PT1M27S,4961,21,0,21,"grand,brilliance,munafik,tujuh,7ujuh,syamsul yusof,siti saleha,marsha milan,aeril zafrel,pekin ibrahim,horror,thriller,filem seram,hantu kak limah,paskal,langsuir,cathay singapore"
qiH_oxdnJZY,#7UJUH | SEDUTAN EKSKLUSIF,2018-10-30 03:58:36,PT21M1S,229951,1755,312,2067,"grand,brilliance,munafik,hantu kak limah,paskal,langsuir,syamsul yusof,maya karin,siti saleha,marsha milan,filem,tv3,operasi x,primeworks,astro gempak,meletop,filem tujuh,7ujuh,raja mukhriz"
a2wadHeaXM4,#7UJUH | WANITA HARI INI | 18 OKTOBER 2018,2018-10-23 15:19:22,PT7M23S,963,11,0,11,"whi,wanita hari ini,raja mukhriz,marsha milan,seram,horror,thriler,syamsul yusof,munafik,maya karin,siti saleha,aeril zafrel,primeworks,supernatural,movies,trailer,tv3,tv3 malaysia"
gysbwL3zW0A,#7UJUH -  MELODI | 14 OKTOBER 2018,2018-10-15 11:24:18,PT3M46S,13015,34,3,37,"grand,brilliance,seram,thriller,7ujuh,filem tujuh,raja mukhriz,johan asari,marsha milan,siti saleha,aeril zafrel,syamsul yusof,munafik,hantu kak limah,paskal"
gvNZse4VFb0,#7UJUH | BULETIN UTAMA | 9 OKTOBER 2018,2018-10-15 11:20:11,PT1M2S,5193,40,0,40,"grand,brilliance,seram,thriller,7ujuh,filem tujuh,syamsul yusof,munafik,hantu kak limah,raja mukhriz,johan asari,aeril zafrel,marsha milan,siti saleha,primeworks"
_1-FrxVW12g,#7UJUH - OFFICIAL CINEMA TRAILER,2018-10-07 04:00:00,PT1M30S,580055,1338,245,1583,"grand,brilliance,siti saleha,marsha milan,aeril zafrel,johan asari,raja mukhriz,pekin ibrahim,riz amin,cristina suzanne,munafik,hantu kak limah,syamsul yusof,tv3,tv9,filem seram,horror,thriller,langsuir,paskal,filem melayu,sebelum iblis menjemput,syafiq kyle,hanna delisha,hainur"
bBr9Ipjz2DA,#7UJUH | TEASER #1,2018-09-14 13:15:01,PT25S,9685,39,16,55,"grand,brilliance,horror,seram,thriller,langsuir,munafik,syamsul,iblis,hantu kak limah,filem,tv3,drama,paskal,polis evo,astro shaw"
HoOHux7c110,Game Session bersama pelakon #PulangTheMovie,2018-08-09 10:30:01,PT5M6S,618,12,0,12,"pulang the movie,pulang movie,hantu kak limah,mission impossible,remy ishak,puteri aishah,erwin dawson,azrel ismail,juliana evans,kabir bhatia,pulang,dayang nurfaizah,layarlah kembali,aubrey suwito,filem wajib tonton 2018,kapal equanimity,1MDB,najib razak,Rosmah Mansur,RM 1.1 Billion,titanic,film kapal tenggelam van der wijck,Che Thom,Omar,Upin Ipin,Alvin Wong,Lum,Munafik 2,Thom Cruise"
O-I5TvhagsA,DI SEBALIK TABIR FILEM PULANG | THE MAKING OF PULANG (FULL),2018-07-31 07:13:41,PT44M50S,179604,1085,150,1235,"pulang,pulangthemovie,kabir bhatia,behind the scene,filem,malaysia,epic love story,remy ishak,puteri aishah,cgi,filemwajibtonton2018,avatar the movie,filem pulang,azrel ismail,erwin dawson,filem epik,drama tv3,the making of pulang,drama nur,nur kasih,titanic movie,kapal pecah"
xOCxxTGJb4k,PULANG | OFFICIAL TRAILER #2 (30 SECS),2018-07-26 10:29:22,PT30S,628656,52,8,60,"grand,brilliance,primeworks,pulang,remy ishak,puteri aishah,kabir bhatia,tv3malaysia,tv3,astro,astro awani,astro gempak,box office,trailer,movie trailer,tv9,zul ariffin,neelofa,munafik,hantu kak limah,maya karin,syamsul yusof"
w9Y73RCO-qE,"PELANCARAN NOVEL PULANG  (27 APRIL 2018 @ PWTC, KL)",2018-07-21 01:49:42,PT2M52S,819,7,2,9,"grand,brilliance,pulang,kabir bhatia,remy ishak,puteri aishah,azrel ismail,lily haslina nasir,karyaseni,novel,baca,tv3,tv9,filem,movie"
DwLypmokYTQ,PULANG - DI SEBALIK TABIR (BAHAGIAN 5) | THE MAKING OF (PART 5),2018-07-21 01:08:40,PT5M3S,14770,84,10,94,"remy ishak,kabir bhatia,pulang the movie,pulang,layarlah kembali,aubrey suwito,dayang nurfaizah,kiki challange,keke challange,siti sarah,tik tok,puteri aishah,drama tv3,neelofa,azrel ismail,cgi,titanic,filem epik,avatar,lord of the ring,film box office,wajib tonton 2018,mission impossible,hantu kak limah,munafik 2"
chphnkPp3K0,PULANG - DI SEBALIK TABIR (BAHAGIAN 4) | THE MAKING OF (PART 4),2018-07-04 10:51:51,PT3M47S,10483,52,5,57,"adam rayqal mati dalam peti ais,remy ishak,puteri aishah,kabir bhatia,filem 2018,filem wajib tonton 2018,titanic,TENGGELAMNYA KAPAL VAN DER WIJCK,azrel ismail,pulanglah,pulang the movie,pulang,tv3,tv9,gsc,tgv,lfs,filem malaysia,film malaysia,CGI film,avatar,drama nur,farah nabilah,nabilah razali"
eiFWYHLz5ok,PULANG | OFFICIAL TRAILER (HD) - DI PAWAGAM 26 JULAI 2018,2018-06-27 05:56:56,PT2M10S,1029800,2750,620,3370,"grand,brilliance,primeworks,remy ishak,kabir bhatia,pulang,puteri aishah,azrel ismail,filem melayu,box office,trailer,treler,tv3,tv9,media prima,syafiq kyle,ameera,nur kasih,nur,akasia,mhi,melodi,hlive,gempak,meletop,neelofa"
VnT8UbAZ3JU,PULANG - DI SEBALIK TABIR (BAHAGIAN 3) | THE MAKING OF (PART 3),2018-06-25 11:54:25,PT6M23S,20884,123,17,140,"remy ishak,kabir bhatia,azrel ismail,film box office,gsc,pulang the movie,tgv,incredibles 2,jurassic world: fallen kindom,ocean's 8,kaala,titanic,kapal tengelam,puteri aishah seksi,filem wajib tayang 2018,filem 2018,film 2018,raya haji,bikin filem,bogel,anak rogol,pulanglah mengundi"
TBDHL6CJgIU,PULANG - DI SEBALIK TABIR (BAHAGIAN 2) | THE MAKING OF (PART 2),2018-06-20 11:45:00,PT4M15S,45707,207,18,225,"filem,box office movie,jurassic world,dram tv3,tiamo sweetheart,zul ariffin,neelofa peluk zul ariffin,Tenggelamnya Kapal Van Der Wijck,titanic,CGI movie,filem wajib tonton 2018,ditelan ular sawa,cerita raya 2018,pulang the movie,remy ishak,kabir bhatia,puteri aishah,the making of,pulang"
7dINJ_qiv1c,PULANG - DI SEBALIK TABIR (BAHAGIAN 1) | THE MAKING OF (PART 1),2018-06-18 11:45:01,PT4M23S,51741,274,27,301,"film,the making of,titanic,avatar,filem,wajib tonton,ntv7malaysia,tonton,cinema malaysia,nur drama,syafiq kyle,nur kasih,CGI Movie,adam nur kasih,TENGGELAMNYA KAPAL VAN DER WIJCK,tgv,box office film,mbo,finas malaysia,gsc,langsuir,jurassic world,deadpool,kaala,hantu kak limah,munafik,datuk sri vida,selamat hari raya,cik b,rosmah mansor,pulang,pulang the movie,kabir bhatia,remy ishak,puteri aishah seksi,azrel ismail,schawal,tv3"
DQ2upjEOyB0,PULANG | TEASER TRAILER #3,2018-03-28 05:14:28,PT32S,37192,103,8,111,"grand,brilliance,GSC,MBO,LFS,Cinema,Wayang,Movie,Film,Panggung,PulangTheMovie,Teaser,Trailer,Pulang,Primeworks Studios,Primeworks Distribution,Teaser Trailer,Media Prima,Sri Pentas,Remy Ishak,Puteri Aishah,Pakcik Hot,Pakcik Othman,Bawang,Makcik Bawang,Pakcik Bawang,Kabir Bhatia,Erwin Dawson,Syazuwan Hassan,Juliana Evans,Azrel Ismail,Alvin Chong,Pantai Penarik,Terengganu,Grand Brilliance,Nelayan,Cinta,love,First Love,Cinta Pandang Pertama"
ZN0OIIaszxo,PULANG | TEASER TRAILER #2,2018-02-28 04:00:00,PT31S,37205,88,15,103,"grand,brilliance,filem,remy ishak,kabir bhatia,box office,movie,cinema,puteri aishah,azrel ismail,erwin dawson,primeworks,juliana evans,grand brilliance,media prima,tv3,pawagam,gsc,mbo,tgv,malaysia,malay movie,drama melayu,malay drama,akasia,teampakcik,pulang,pulang the movie,dayang nurfaizah,layarlah kembali,primeworks studios,tv9,nur kasih,bisik pada langit,kekasih paksa rela"
PjOwsZt_z_4,PULANG | TEASER TRAILER #1,2018-02-05 07:14:40,PT32S,82943,252,26,278,"grand,brilliance,remy ishak,kabir bhatia,filem melayu,box office,malay movie,movie,team pakcik,puteri aishah,azrel ismail,drama melayu,erwin dawson,juliana evans,primeworks,primeworks studios,media prima,tv3,tv9,kekasih paksa rela"
9Jb1u8G5nD4,KAU TAKDIRKU: BULETIN UTAMA,2017-09-18 08:20:10,PT1M36S,6884,33,0,33,"grand,brilliance,Grandbrilliance,Kautakdirku,Kisahcintayangsatuduniakakhirat,Tv3,BuletinUtama,Filemmelayu,Filemtragis,Filemcintamelayu,Engkaumilikku,DatinAlyah,Jasonchong,RemyIshak,Ezzatyabdullah,Brontpalarae,Primeworks,Primeworksdistribution,PrimeworksStudios"
Q3xQ6Gx_NfI,KAU TAKDIRKU: NONA,2017-09-18 08:08:57,PT3M28S,679,8,0,8,"grand,brilliance,Grandbrilliance,Kautakdirku,Kisahcintayangsatuduniaakhirat,Tv3,Nona,Filemmelayu,filemtragis,Filemcintamelayu,Engkaumilikku,DatinAlyah,Jasonchong,Remyishak,EzzatyAbdullah,Brontpalarae,Primeworks,PrimeworksDistribution,PrimeworksStudios"
LeY-CWJLTuU,KAU TAKDIRKU: MELODI,2017-09-18 08:02:06,PT4M29S,449,1,0,1,"grand,brilliance,Grandbrilliance,Kautakdirku,Kisahcintayangsatuduniaakhirat,Tv3,Melodi,Filemmelayu,Filemtragis,Filemcintamelayu,Engkaumilikku,DatinAlyah,JasonChong,RemyIshak,EzzatyAbdullah,BrontPalarae,Primeworks,Primeworksstudio,Primeworksdistribution"
Q-D2WO7Sr-c,KAU TAKDIRKU: MALAYSIA HARI INI,2017-09-18 07:55:31,PT22M44S,820,4,0,4,"grand,brilliance,Grandbrilliance,Kautakdirku,Kisahcintayangsatuduniaakhirat,Filemtragis,FilemcintaMelayu,Filemmelayu,Engkaumilikku,DatinAlyah,JasonChong,RemyIshak,EzzatyAbdullah,BrontPalarae,Primeworks,Primeworksstudio,PrimeworksDistribution"
jJ7CjEnVU8g,KAU TAKDIRKU: NASI LEMAK KOPI O,2017-09-18 07:55:20,PT7M48S,901,2,0,2,"grand,brilliance,Grandbrilliance,Kautakdirku,Kisahcintayangsatuduniaakhirat,Filemtragis,Filemmelayu,Filemcintamelayu,NasilemakkopiO,tv9,Engkaumilikku,DatinAlyah,JasonChong,RemyIshak,EzzatyAbdullah,BrontPalarae,Primeworks,Primeworksstudio,PrimeworksDistribution"
KGLIhmFjJpY,KAU TAKDIRKU: MALAYSIA HARI INI,2017-09-18 07:30:28,PT18M24S,16783,38,4,42,"grand,brilliance,Grandbrilliance,Kautakdirku,Cintayangsatuduniaakhirat,FilemTragis,FilemMelayu,FilemcintaMelayu,Jasonchong,RemyIshak,EzzatyAbdullah,brontpalarae,Engkaumilikku,Primeworks,Primeworksdistribution,Primeworksstudio"
EYdD2MepNUs,KAUTAKDIRKU: MUZIK MUZIK 32,2017-09-18 07:30:24,PT7M35S,486,8,1,9,"grand,brilliance,Grandbrilliance,Kautakdirku,Cintayangsatuduniaakhirat,Filemtragis,Filemmelayu,Filemcintamelayu,Engkaumilikku,Jasonchong,RemyIshak,EzzatyAbdullah,Brontpalarae,DatinAlyah,Primeworks,Primeworksdistribution,Primeworksstudio"
F07NFuogggs,KAU TAKDIRKU: MALAYSIA HARI INI,2017-09-18 06:50:03,PT9M45S,1309,5,0,5,"grand,brilliance,Grandbrilliance,Kautakdirku,Engkaumilikku,Cintayangsatuduniaakhirat,Filemtragis,Filemmelayu,Filemcintamelayu,RemyIshak,EzzatyAbdullah,BrontPalarae,DatinAlyah,PrimeworksStudio,Primeworksdistribution"
rnJ9y5WXIvg,KAU TAKDIRKU: JOM SINGGAH,2017-09-18 05:23:01,PT7M3S,4973,12,0,12,"kautakdirku,cintayangsatuduniaakhirat,EzzatyAbdullah,Jomsinggah,TV3,JasonChong,Filemcintamelayu,Cintatragis,Filemmelayu,Engkaumilikku,DatinAlyah,RemyIshak,BrontPalarae,GrandBrilliance,Primeworks,Grand,Brilliance,PrimeworksStudios,PrimeworksDistribution"
cS6QAxWyRQA,KAU TAKDIRKU | KINI DIPAWAGAM | 7 SEPTEMBER 2017,2017-09-11 07:05:03,PT31S,3578,8,0,8,"grand,brilliance"
dBhirmf269c,KAU TAKDIRKU | PROMO REMY ISHAK,2017-09-11 04:54:59,PT31S,4388,22,3,25,"grand,brilliance"
wv26P9wZuQE,KAU TAKDIRKU | PROMO EZZATY ABDULLAH,2017-09-11 04:53:08,PT31S,7983,17,1,18,"GRANDBRILLIANCE,REMY ISHAK,ZIZAN RAZAK,BRONT PALARAE"
maFrEWoAHWU,KAU TAKDIRKU | MELODI BERSAMA REMY ISHAK,2017-09-11 04:48:03,PT3M3S,6439,24,0,24,"MELODI,ZIZAN RAZAK,REMY ISHAK,BRONT PALARAE,PANAS,GRANDBRILLIANE"
5RujXgtDZZI,KAU TAKDIRKU | TEAM REMY VS TEAM BRONT,2017-09-10 07:38:14,PT2M51S,5741,12,0,12,"#RemyIshak,#BrontPalarae,#Malaysia,#Instafamous,#Love,#EzzatyAbdullah,#RemyBertunang,#BrontAkhiriZamanBujang,#Neelofa2.0"
yK5_Wf14haA,"TRAILER RASMI ""KAU TAKDIRKU"" - DI PAWAGAM SELURUH MALAYSIA BERMULA 7 SEPTEMBER 2017",2017-07-22 13:00:07,PT1M37S,177972,560,119,679,"grand,brilliance"
2OCUjqJw7Y8,#LEBUHRAYAKENERAKA - SESAT TENGAH JALAN,2017-05-12 16:48:54,PT4M14S,31157,107,5,112,"grand,brilliance,lebuhraya ke neraka,youtubers malaysia,viners,seram,hantu,cerita hantu,kelakar"
C-l8zkGx3qY,Benda ni akan jadi kalau sesat tengah jalan pukul 1 pagi...,2017-05-12 02:34:29,PT1M30S,4582,16,2,18,"grand,brilliance,lebuhraya ke neraka,mamat khalid"
fD7WyIg-BM4,#LEBUHRAYAKENERAKA - ALTER EGO MAMAT KHALID,2017-05-02 02:36:23,PT1M1S,2958,10,4,14,"grand,brilliance,lebuhraya ke neraka,mamat khalid,seni,veedo"
ri46942j9x4,LEBUHRAYA KE NERAKA (OFFICIAL TRAILER) - 4 MEI 2017,2017-04-13 14:00:06,PT1M,319001,828,80,908,"grand,brilliance,lebuhraya,khir rahman,awie,mamat khalid,cerita insaf,islamik,trailer filem melayu,filem malaysia,malaysia film,seram,keinsafan,official,syaitan,tamar jalis,bercakap dengan jin,peminat cerita,siakap keli,astro shaw,media prima,munafik,kisah seram,kisah hantu,hantu,jembalang,takut,terkejut"
oYwvvGFsRA4,#JREVOLUSI - Andra VS. Jay Zulkarnain,2017-03-10 13:00:03,PT31S,11106,45,2,47,"grand,brilliance,jay zulkarnain,andra,zul ariffin,farid kamil,fight,versus,tv9,tv3,bersatu,malaysia,reformasi,j revolusi,media prima,artis bergaduh,kempen"
9ScBw8k0_0Q,#JREVOLUSI - Trailer versi Drama,2017-03-06 04:32:25,PT31S,9078,33,0,33,"grand,brilliance"
ykadF1bu5UM,#JREVOLUSI - Trailer versi Aksi,2017-03-06 04:32:55,PT31S,8196,30,0,30,"grand,brilliance"
z6vQMdD63oc,#JREVOLUSI - Di Sebalik Tabir - Produksi,2017-02-24 04:17:15,PT3M47S,126913,360,45,405,"grand,brilliance,behind the scene,jrevolusi,j revolusi,zul ariffin,izara aishah,farid kamil,fazura,azad jazmin,filem malaysia,aksi,action movie"
H9gBXE25woA,#JREVOLUSI - Di Sebalik Tabir - Kesan Khas CGI,2017-02-12 16:20:28,PT3M34S,3996,19,6,25,"grand,brilliance,jrevolusi,J Revolusi,CGI Malaysia,Animation,Action Movie,Filem Melayu,Malaysia,Zul Ariffin,Di Sebalik Tabir,Behind The Scene,Malaysia Filmmaker,Pengarah Filem,Kesan Khas,Visual Effect,Izara Aishah,Fazura,Farid Kamil"
06KUdfJF4_U,J REVOLUSI - Official Trailer Versi 2,2017-02-06 08:40:53,PT30S,231194,158,4,162,"grand,brilliance,j revolusi,JREVOLUSI,infinitus productions,media prima,zul ariffin,keluarga,fatimah abu bakar,fazura,izara aishah,farid kamil,filem malaysia,drama"
SnL2Z36IPy8,#JREVOLUSI - Di Sebalik Tabir - Aksi Lagak Ngeri,2017-01-28 04:34:31,PT3M30S,17280,68,2,70,"grand,brilliance,j revolusi,primeworks,zul ariffin,farid kamil,fazura,izara aishah,filem melayu,di sebalik tabir,behind the scene,action movie,malaysia,tv3,drama,akasia,stuntman,aksi"
2i9z4KXME5c,J REVOLUSI - OFFICIAL TRAILER [HD] - DI PAWAGAM 2 MAC 2017,2017-01-22 14:30:01,PT2M,401977,1087,227,1314,"grand,brilliance,jrevolusi,j revolusi,zul ariffin,izara aishah,fazura,azad jazmin,filem melayu,aksi,MMA,Infinitus,Game J Revolusi,Trailer,Melayu,Filem Malaysia,2017"
oBHibsXdjcI,#JREVOLUSI - Di Sebalik Tabir - Penggunaan Senjata Api,2017-01-06 14:03:59,PT3M9S,48488,125,16,141,"grand,brilliance,jrevolusi,primeworks studios,filem melayu,aksi,senjata api,zul ariffin,izara aishah,fazura"
Uj_13dRJaYE,#JREVOLUSI - Di Sebalik Tabir - Unit Tindakhas (UTK),2016-12-24 05:10:09,PT3M46S,71705,362,44,406,"grand,brilliance,jrevolusi,J Revolusi,Malaysia,Unit Tindakhas,PDRM,Polis,Movie,Filem Malaysia,Zul Ariffin,Farid Kamil,Izara Aishah"
9hZW75cbZsE,#JREVOLUSI - Di Sebalik Tabir - Aksi Seni Bela Diri Campuran (MMA),2016-12-09 07:00:01,PT3M8S,18956,38,4,42,"grand,brilliance,jrevolusi,zul ariffin,izara aishah,filem malaysia,aksi"
cZ18HUuqmcw,#JREVOLUSI - Official Teaser Trailer #1,2016-11-18 15:00:03,PT1M,116356,169,17,186,"grand,brilliance,#jrevolusi,zul ariffin,izara aishah,fazura,filem aksi,filem malaysia,melayu,teaser trailer"
ZVQh5oBoA5I,#JREVOLUSI - Di Sebalik Tabir - Solekan Kesan Khas,2016-11-11 06:00:01,PT3M3S,4706,23,1,24,"grand,brilliance,JRevolusi,J Revolusi,filem,primeworks studios,Zul Ariffin,Izara Aishah,Fazura,Gwork"
COB6_sm_FjQ,#JRevolusi - Ucapan Selamat Hari Deepavali,2016-10-29 02:03:39,PT29S,1395,4,1,5,
y6BdTMuxX_Q,#JREVOLUSI - Di Sebalik Tabir - Latihan Gerak Tempur,2016-10-28 13:00:23,PT3M42S,9297,40,3,43,"grand,brilliance"
32wJcedvJI0,#ROCKBRO - NOSTALGIA ROCK - NASI LEMAK KOPI O (TV9),2016-10-25 11:03:48,PT14M34S,23945,115,14,129,"grand,brilliance,tv9 malaysia,rock bro,#ROCKBRO,primeworks,Nasi Lemak Kopi O,Malaysia"
vAySyU1lPAY,#ROCKBRO | Mamat Khalid (Pengarah Rock Bro) & Kuku Besi di dalam rancangan MHI TV3,2016-10-20 10:16:44,PT15M8S,47500,210,41,251,"grand,brilliance,TV3 Malaysia,Grand Brilliance,Mamat Khalid,Kuku Besi,Rock Bro,#rockbro"
4sfm-_gx9d8,#ROCKBRO | 3 JUARA KHIR RAHMAN - TIKA,2016-10-19 03:12:57,PT3M59S,1315638,11754,902,12656,"grand,brilliance"
ecxhtx6ZRi8,#ROCKBRO | LIPUTAN MUZIK MUZIK 31,2016-10-12 09:24:19,PT1M55S,7549,40,1,41,"grand,brilliance,rock bro,rimba bara,tv3 malaysia,grand brilliance,khir rahman,mamat khalid,muzik muzik,primeworks,filem malaysia"
eOErujZzYcg,#ROCKBRO | LIPUTAN MELODI TV3 2016,2016-10-12 08:23:10,PT1M52S,2450,16,0,16,"grand,brilliance,melodi,khir rahman,mamat khalid,gosip,malaysia"
dw0VY7y-UbI,PEKAK | Kenape anda WAJIB tonton filem PEKAK?,2016-08-29 10:27:17,PT1M14S,3320,13,5,18,"grand,brilliance,pekak,#PEK4K,#PEKAKMOVIE,FILEM MALAYSIA,Zahiril Adzim,Sharifah Amani,Sharifah Sakinah,Amerul Affendi,Iedil Putra,Tengku Iesta,Grand Brilliance,Lightbulb Pictures"
uUDWqJdiR2k,PEKAK | EKSPERIMENTASI SOSIAL,2016-08-28 08:20:45,PT6M40S,11687,13,4,17,"grand,brilliance,PEKAK,social experiment,eksperimen sosial,orang kurang upaya,viral,scam,uda,dara,zahiril adzim,sharifah sakinah,gaduh,melayu,minta sedekah,dbkl"
_t6fVkqonoI,"PEKAK | Review daripada media & pengkritik semasa pra-tonton & ""Bual Filem"" bersama KOMFIT",2016-08-25 07:52:18,PT3M59S,8201,13,7,20,"grand,brilliance,pekak,pekakmovie,pek4k,lightbulb pictures,grand brilliance,sharifah amani,sharifah sakinah,amerul afendi,iedil putra,zahiril adzim,joe flizzow,hassan muthalib,komfit,mdec,media prima,primeworks studios,primeworks distribution"
_AO17SgWAKA,"OFFICIAL TRAILER ""PEKAK"" - DI PAWAGAM SELURUH MALAYSIA BERMULA 1 SEPTEMBER 2016",2016-07-01 06:31:42,PT1M29S,267236,573,296,869,"grand,brilliance,Pekak,Indie,Malaysia Film,Filem Malaysia,Dadah,Cinta,Romantis,Sharifah Amani,Sharifah Sakinah,Zahiril Adzim"
WJI5kvMkoxU,SHOWDOWN GIG | 6TH APRIL 2016,2016-04-16 12:44:33,PT2M50S,3751,25,1,26,"grand,brilliance,showdown,8tv,showdown the movie,showdown gig,filem,ximited,grand brilliance,primework,nico g,hafiz hatim,dance,malaysia"
OU_uIL7mxwo,THE MAKING OF SHOWDOWN THE MOVIE | 7 APRIL DI PAWAGAM,2016-04-12 11:11:13,PT20M30S,18158,104,13,117,"grand,brilliance"
2inByKw2MEQ,SHOWDOWN THE MOVIE | 7 APRIL 2016 | Promo COMEDY,2016-03-14 15:10:07,PT31S,3409,15,0,15,"grand,brilliance"
qQin7vzyEFU,SHOWDOWN THE MOVIE | TRAILER RASMI 2 | 7 APRIL 2016,2016-03-14 15:08:08,PT1M2S,16779,79,1,80,"grand,brilliance,showdown,showdown the movie,nico,nico g,inilah nasibku,inilah nasibku showdown,dance for life,dance 4 life,dance,hiphop,dance movie,tv3,tv9,8tv,ntv7"
JaqOgNN-Ix0,SHOWDOWN THE MOVIE | 7 APRIL 2016 | Promo DANCE,2016-03-14 15:09:11,PT32S,4721,24,1,25,"grand,brilliance"
8S5kXCaPGLs,SHOWDOWN THE MOVIE | OFFICIAL MV | INILAH NASIBKU... SHOWDOWN - NICO G,2016-02-25 10:00:00,PT4M6S,396165,2760,244,3004,"grand,brilliance,inilah nasibku,showdown,showdown the movie,izara aishah,nico,dino,affa,inilah,nasibku,inilah nasibku showdown,ost,soundtrack,movie,film,ola bola,polis evo,langit cinta,grand brilliance,tv3,tv9,8tv,ntv7"
_AgueGSACMY,BOBOIBOY THE MOVIE | PELANCARAN FILEM,2016-02-24 11:38:38,PT1M38S,16265,25,0,25,"Boboiboy,boboiboy the movie,press conference,the movie,grand brilliance,media prima,filem,animasi,ximited,ximited production,gbtb,gbtv"
ogbJonGVZqE,BOBOIBOY THE MOVIE | TRAILER RASMI 2,2016-02-04 08:49:17,PT2M19S,353637,1070,0,1070,"grand,brilliance"
zoMQycjrrv4,SHOWDOWN THE MOVIE | TRAILER RASMI | 7 APRIL 2016,2016-01-31 06:00:00,PT1M51S,175716,665,98,763,"grand,brilliance"
iKUaJ3KVj8Y,SHOWDOWN THE MOVIE | 7 APRIL 2016 | Promo RASMI,2016-01-28 13:30:03,PT30S,30007,130,17,147,"grand,brilliance,showdown,8tv,filem,dance,ximited,GBTV,grand brilliance,reza hasbi,izara aishah,sufiyan safwan,malaysia,azad jasmin,ben ladin,7 april,2016,Iedil Putra"
BXaKqqhcX6c,BOBOIBOY THE MOVIE | TV PROMO 30 sec,2016-01-15 04:58:52,PT30S,63396,87,0,87,"grand,brilliance,primeworks,primeworks studios,monsta,animonsta studios,animonsta"
sQPywuSsWFA,BOBOIBOY THE MOVIE | TRAILER RASMI,2016-01-15 03:57:40,PT1M,184335,246,0,246,"grand,brilliance,primeworks,monsta,animonsta studios,primeworks studios,primeworks distribution,boboiboy,boboiboythemovie,boboi,boy,animation,animasi,cartoon,kartun,upinipin,upin dan ipin"
R0_pYaxv_kA,"SEDUTAN FILEM LOVE, SUPERMOON",2015-11-01 11:25:06,PT25M,56959,283,19,302,"grand,brilliance"
SjltD4FuZXg,"GBTV | Malam Gala Filem Love, Supermoon",2015-10-28 19:18:19,PT4M34S,2579,13,0,13,"grand,brilliance,love supermoon,Malaysia"
LK_Y99XdT-g,"DI SEBALIK TABIR 'LOVE, SUPERMOON'",2015-10-22 07:39:46,PT21M26S,15433,71,3,74,"grand,brilliance"
8G3v6VjeDLw,REMBAT | Liputan di MELODI,2015-10-22 04:56:27,PT1M58S,1037,4,0,4,"grand,brilliance,rembat"
jM_FfG1gJhE,GBTV | Malam Gala Filem Rembat Just Duit,2015-10-15 09:31:23,PT2M14S,1759,4,0,4,"grand,brilliance,rembat,just duit,grand brilliance,filem malaysia,tempatan,malaysia,filem,movie,2015,Melayu,Malay,Film (Media Genre)"
oPN4OjSa-4w,"LOVE, SUPERMOON | TRAILER 2 | DI PAWAGAM 22 OKTOBER 2015",2015-10-13 17:20:01,PT1M29S,42702,74,7,81,"grand,brilliance"
zuhZYGHsjx0,"LOVE, SUPERMOON | TV PROMO | DI PAWAGAM 22 OKTOBER 2015",2015-10-13 17:19:47,PT31S,5195,9,0,9,"grand,brilliance,wan hasliza wan zainuddin,rita rudaini,anne ngasri,Farid Kamil (Film Actor),nadiya nisaa,zain hamid,zain saidin,azhar sulaiman,love supermoon,October 22 (Day Of Year),October (Month),Romantic Comedy (Film Genre),romantic,comedy,funny movie,malaysia,kuala lumpur"
MwInSrsy19w,"LOVE, SUPERMOON OFFICIAL TRAILER | DI PAWAGAM 22 OKTOBER 2015",2015-10-09 18:08:53,PT1M56S,77891,219,19,238,"grand,brilliance,Supermoon"
l3hHufKjv_o,SEDUTAN 20 MINIT FILEM REMBAT,2015-10-08 04:01:45,PT19M34S,120370,729,44,773,"grand,brilliance"
Qhrk594Q8SQ,THE MAKING OF FILEM REMBAT,2015-10-08 04:01:45,PT22M22S,24692,81,3,84,"grand,brilliance,Rembat,Making-of"
Ich-9843f1o,GBTV | Malam Gala Filem Girlfriend Kontrak,2015-09-28 18:48:38,PT2M18S,17638,47,0,47,"grand,brilliance,girlfriend kontrak,grand brilliance,filem malaysia"
r_tIDMq98oM,REMBAT | 8 Oktober 2015 | Promo,2015-09-28 02:12:19,PT16S,2878,9,0,9,"grand,brilliance"
ovsnn3oTG-k,GBTV | Road Tour : Filem Girlfriend Kontrak,2015-09-25 20:53:08,PT3M55S,989,5,1,6,"grand,brilliance,girlfriend kontrak,ROAD,road tour,filam malaysia"
px3JpQbwY2U,REMBAT | Official Trailer (Chinese) | 8 October 2015,2015-09-25 06:41:08,PT1M31S,37533,78,2,80,"grand,brilliance,Shaheizy Sam (Musical Artist),Aniu (Film Character),sam,ahniu,Rembat,Bola,Harimau Malaya,Harimau Muda A (Football Team),Harimau Muda B (Football Team),zara zya,arja lee,zizan razak,sherry alhadad,zulin aziz,shamyl othman,red films,marna films,jenaka,lawak,kelakar"
8Ij029KWe9M,GIRLFRIEND KONTRAK | SEDUTAN FILEM 30 MINIT | 24 SEPTEMBER 2015,2015-09-23 12:00:00,PT22M11S,336583,1147,126,1273,"grand,brilliance"
_9agFyyGS2Q,GIRLFRIEND KONTRAK | THE MAKING OF | 24 SEPTEMBER 2015,2015-09-23 02:23:40,PT22M10S,60607,174,14,188,"grand,brilliance"
khTpXX5o_f8,GIRLFRIEND KONTRAK | TRAILER (30 saat) | DI PAWAGAM 24 SEP 2015,2015-09-21 17:14:52,PT31S,30834,76,1,77,"grand,brilliance,keith foo,risteena,bront palarae,fara fauzana,Bront Palarae (Film Actor),mustapha kamal,zarina zainudin,tv3,TV9 (TV Network),tv9,tonton,filem melayu,virginia kennedy,azad jazmin,melodi,galaksi,hiptv,muzikmuzik"
umO4w2WFiRA,GIRLFRIEND KONTRAK | RISTEENA MUNIM | DI PAWAGAM 24 SEP 2015,2015-09-21 17:14:40,PT31S,29891,76,1,77,"grand,brilliance,keith foo,risteena munim,azad jazmin,fara fauzana,zarina zainuddin,mustapha kamal,girlfriend kontrak,tv3,tv9,melodi,galaksi,hiptv,Bront Palarae (Film Actor)"
PDoR7-6f_AM,GIRLFRIEND KONTRAK | KLIP KOMEDI | DI PAWAGAM 24 SEP 2015,2015-09-18 01:10:25,PT31S,48660,65,2,67,"grand,brilliance,Comedy,ketih foo,girlfriend kontrak,risteena,Funny,tv3,nas ahmad,terjah,kelakar,Humor,Malaysia,Spoof,Parody,azad jazmin,virginia kennedy"
LqgYlDHbtRA,REMBAT | LAGU TEMA RASMI | GOLLL oleh SHAHEIZY SAM & ANIU,2015-09-16 12:48:50,PT3M4S,68180,287,16,303,"grand,brilliance,rembat"
H2Qoxztp_kY,YUKA KHARISMA - KU BERSEDIA | OFFICIAL MTV GIRLFRIEND KONTRAK,2015-08-21 14:46:45,PT3M51S,649914,4975,400,5375,"grand,brilliance,Girlfriend,Awards,Contract (Literature Subject),Official,Mtv,Choice,Trailer,Official Trailer,Academy,Best,Teaser Trailer,Cribs,Golden,Academy Awards (Award),Grammy,P!nk (Celebrity),Live,Vh1,Winning,MTV Cribs (TV Program),Indonesia (Country),Malaysia Airlines (Airline),Malaysia (Country),Nora Danish (Person),keith foo,risteena munim,Winner,Performance,Indonesia Idol"
yp0-rIoLdRw,Rembat | Shaheizy Sam & Aniu | Just Duit Duit! Just Duit Duit!,2015-08-17 04:25:21,PT20S,4046,11,0,11,
qrJOFeBZ5Ug,"Rembat | Shaheizy Sam , Aniu & Zulin Aziz | DD for Duit Duit!",2015-08-07 13:31:13,PT16S,13604,135,2,137,
Njua7-yk1S8,Rembat | Shaheizy Sam & Aniu | Nak Duit Raya!,2015-07-21 07:30:01,PT40S,1864,5,2,7,
nXNgSG5CLFI,Rembat | Shaheizy Sam & Aniu | Selamat Hari Raya,2015-07-18 06:00:01,PT21S,1146,6,0,6,
QCsyyPd1udw,GIRLFRIEND KONTRAK | Keith Foo & Risteena Munim | Selamat Hari Raya Aidilfitri,2015-07-17 12:00:00,PT16S,26417,67,1,68,
MU57PXt48A8,Rembat | Shaheizy Sam & Aniu | Selamat Berpuasa,2015-07-13 03:50:43,PT17S,1110,7,0,7,
rrfnVDPhFOI,GIRLFRIEND KONTRAK | Keith Foo - Selamat Berpuasa,2015-06-22 09:12:50,PT13S,16726,74,1,75,
wPuGo3YSwF0,GIRLFRIEND KONTRAK | Nur Risteena - Selamat Hari Bapa,2015-06-22 09:08:42,PT15S,18366,39,0,39,
NbE3MN86Hks,GIRLFRIEND KONTRAK | OFFICIAL TRAILER | DI PAWAGAM 24 SEPTEMBER 2015,2015-06-21 05:11:37,PT1M49S,149939,360,32,392,"Film (Media Genre),romantic comedy,Keith Foo,Risteena Munim,Artis Malaysia,Malaysia,Media Prima,Filem Melayu"
WS7clHS_1ps,Lan Pet Pet bawak watak serius dalam Gila Baby,2014-12-06 09:29:11,PT3M12S,17070,61,3,64,
VoNZcOVUCF8,"""Lutut saya rabak akibat jatuh dari moto"" - Beto Kusyairy dalam Gila Baby",2014-12-06 09:03:06,PT3M11S,10385,57,3,60,
SM0py6Vi8ds,GILA BABY | OFFICIAL TRAILER | DI PAWAGAM 4 DISEMBER 2015,2014-11-11 09:20:31,PT1M35S,13134,65,1,66,
5drb7_u4WMo,ANAK JANTAN OFFICIAL CINEMA TRAILER | Di Pawagam 30 Oktober 2014,2014-11-04 11:43:33,PT1M41S,99870,214,9,223,"Nora Danish (Person),Bront Palarae (Film Actor),Male (Risk Factor),Trailer (Website Category),Anak (Person)"
tKW8hjOreDQ,GBTV | Malaysia Berkabung:  Kenalan Rapat Antara Yang Hilang #MH370,2014-11-04 03:31:14,PT54S,434,2,0,2,"Malaysia Airlines Flight 370 (Aviation Incident),Malaysia Airlines Flight 17"
NSrfwcWvIIY,GBTV | Malam Gala Filem Anak Jantan,2014-11-03 09:54:33,PT6M21S,5371,15,0,15,
usabEEo3hdI,3 Perkara Melambangkan Anak Jantan,2014-10-30 12:09:08,PT1M32S,19297,34,1,35,"anak jantan,Nora Danish (Person),Bront Palarae (Film Actor),Farid Kamil (Film Actor)"
qLb4502SXrc,ANAK JANTAN | OFFICIAL TRAILER | DI PAWAGAM 30 OKTOBER 2014,2014-09-26 09:56:56,PT31S,74148,98,9,107,"Anak Jantan,Bront Palarae (Film Actor),Farid Kamil (Film Actor),Nora Danish (Person),Action Film (Film Genre),Action movie,Amazing,Viral,Jantan,Prank,Film (Film),Movie Theater (Industry),Filem,Filmmaking (Industry),Melayu,Filem Aksi,Investigation,Golden,Awards,Qi Razali,Azhan Rani,Rahim Razali,Pablo Amirul,Dracula (Film),Dark House,interview,samsung,iphone,the equalizer,haunted house,The Room,Fury,John Wick,Interstellar,Music,cover song,The Voice"
uVv-tq_wH64,GBTV | Malaysia Berkabung : Faizal Ismail  Turut Bersimpati Atas Tragedi MH17,2014-08-22 13:05:30,PT43S,708,2,0,2,"mh17,mh370,Faizal Ismail,Malaysia (Country),History"
C6KkZI_5PLY,GBTV | Malaysia Berkabung : Eira Syazira Antara Jutaan Rakyat Malaysia Yang Bersimpati,2014-08-22 09:03:37,PT1M14S,475,1,0,1,
ZaI2tc4a9f4,GBTV | Malaysia Berkabung : Ucapan Dari Bekas Ketua Pramugari,2014-08-22 08:54:36,PT1M8S,1074,1,0,1,"Malaysia Airlines Flight 370 (Aviation Incident),Malaysia Airlines Flight 17"
XP9RQB1uAIk,MAMAK CUPCAKE | OFFICIAL TRAILER |  28 OGOS 2014,2014-06-17 11:37:52,PT1M43S,174641,461,35,496,"Mamak Cupcake,Filem,Movie,Film,Malay,Melayu,Malaysia,Grand Brilliance,FINAS,LPF,MJ Woo,Shaheizy Sam (Film Actor),Malay Cinema,Sinema (Film),Siti Saleha,Azad Jasmin,Natasha Hudson,Accapan,Faizal Ismail,AG,HotFM,Maria Farida,Dato Haji Hasbullah Awang,Adibah Noor (Musical Artist),Trailer,Comedy Film,Komedi,Lawak,Cupcake,Mamak,World Cup Cake,Who's Your Mamak,TGV Cinemas (Business Operation),GSC Cinema,MBO Cinemas (Business Operation),LFS Cinema My"
RGUscluWqIc,GBTV | On Set : Antara Satu Cabar Pelakon & Krew,2014-04-07 14:14:37,PT4M45S,387,1,0,1,"grand brilliance,ximited production,ximited"
ClEx2hQ_ljk,GBTV | On Set : Elemen Air Menemu & Memisahkan Dua Insan -  Antara Satu,2014-04-07 14:14:46,PT4M6S,389,1,0,1,
06es1UAIH54,"GBTV | On Set : ""This Is A New Jam""",2014-04-07 14:14:28,PT3M51S,237,2,0,2,
hvxGEjpA-vE,Gila Baby | Official Trailer | 4 December 2014,2014-03-21 04:46:53,PT1M35S,128135,321,25,346,"Baby,Gila,Crazy,GrandBrilliance,Beto,Nadiya Nisaa BMW"
m1mAdNPH5YI,SEJOLI : MISI CANTAS CINTA | FLASH BACK JOE & GINA,2014-03-06 07:00:02,PT1M3S,17819,62,2,64,
gg7mAc3bcq0,SEJOLI : MISI CANTAS CINTA | PROMO TOMPI & LOLA,2014-03-05 14:00:08,PT1M1S,2721,9,0,9,
YgqKrH0IS7w,SEJOLI : MISI CANTAS CINTA | PROMO 30 SECS | TOMPI & LOLA,2014-03-02 13:00:05,PT31S,4277,11,1,12,
JW57i713Ico,SEJOLI : MISI CANTAS CINTA | TOMPI & LOLA,2014-03-02 10:00:03,PT1M,29775,57,3,60,
tegzwBKBR70,GBTV : Bloopers Qamarul,2014-02-28 05:02:39,PT3M39S,1070,12,1,13,"bloopers,gbtv,sejoli,misi cantas tour,road tour,TV3,grandbriiliance,tv,uitm shah,uitm shah alam,uitm lendu,uitm melaka,putera camarul,ximited production,sufiyan safwan"
S_FY6cax9KQ,SEJOLI : MISI CANTAS CINTA | TOMPI & LOLA,2014-02-28 04:30:01,PT16S,3337,12,0,12,
4vzxCE5-dtg,GBTV | Misi Cantas Tour : Filem Sejoli Misi Cantas Cinta,2014-02-22 07:39:04,PT6M8S,3125,16,0,16,"Malaysia,grand brilliance,osman ali,izara ishah,maya karin,Bront Palarae (Film Actor),remy ishak,ximited production,uitm lendu,uitm shah alam,melaka,filem sejoli,sejoli,misi cantas tour,misi cantas cinta,Melayu"
caRbNjXvdhY,SEJOLI : MISI CANTAS CINTA | THE MAKING OF,2014-02-22 05:00:01,PT21M31S,38874,137,13,150,
WnU_E0BXe80,SEJOLI : MISI CANTAS CINTA | CRITICS REVIEW | 20 FEB 14,2014-02-21 16:00:31,PT31S,10280,7,0,7,
GFQjbeOFYwE,GBTV | Malam Gala Filem Sejoli : Misi Cantas Cinta,2014-02-19 05:12:20,PT5M38S,6256,31,2,33,
W5vCnfMbJ2g,SEJOLI | MISI CANTAS TOUR| 16 FEB 2014,2014-02-12 07:30:01,PT1M1S,4919,11,0,11,
X8nOKmgWSPM,SEJOLI | MISI CANTAS TOUR| 15 FEB 2014,2014-02-12 02:00:01,PT1M1S,5292,21,0,21,
vKU8gncTtCA,OST SEJOLI : MISI CANTAS CINTA | BIARKAN SEJOLI BY TOMOK,2014-02-08 12:00:04,PT3M8S,94818,657,28,685,
0HPQyggbAR8,SEJOLI : MISI CANTAS CINTA | 30 SECS PROMO,2014-01-24 07:19:37,PT31S,13135,22,0,22,
ujcLKwduuHg,SEJOLI : MISI CANTAS CINTA | OFFICIAL TRAILER | 20 FEB 14,2014-01-16 12:00:03,PT1M49S,134215,293,19,312,
PyGAtf_iLIY,SEJOLI : MISI CANTAS CINTA | (SNAP PROMO 6),2013-12-28 08:00:02,PT36S,10359,28,0,28,
UcaoGMfn7oo,SEJOLI : MISI CANTAS CINTA | (SNAP PROMO 4),2013-12-18 08:48:45,PT12S,2852,5,3,8,
oXJwDhDJ1to,SEJOLI : MISI CANTAS CINTA | (SNAP PROMO 3),2013-12-13 09:37:45,PT13S,6403,13,0,13,
BikUnxveEdI,SEJOLI : MISI CANTAS CINTA | (SNAP PROMO 2),2013-12-12 10:19:18,PT18S,4023,9,0,9,
clDAhyegUxE,SEJOLI : MISI CANTAS CINTA | (SNAP PROMO 1),2013-12-12 08:43:49,PT23S,8303,12,0,12,
NynoVoJrSK0,SESI UJIBAKAT GRAND BRILLIANCE 2014!,2013-11-15 10:21:16,PT32S,4076,9,4,13,
4vJpXs4H1Z0,BALADA PENCINTA | OST | NANTI (AKUSTIK VERSION) by KHIR RAHMAN,2013-10-30 07:14:25,PT5M21S,43630,271,12,283,
Xm-72Lz1xvI,BALADA PENCINTA | OST | NANTI by KHIR RAHMAN,2013-10-22 11:38:22,PT5M41S,116741,716,63,779,"Johan As'ari,Siti Saleha,Khir Rahman,Iedil Putra,Miera Liyana,Sein,Azhan Rani,Balada Pencinta,FilemMalaysia"
_sKmjzIrNDE,BALADA PENCINTA (Teaser Trailer) 24 OKTOBER 2013,2013-10-21 11:26:35,PT2M16S,5367,29,0,29,
Km56BLx7r2M,"Balada Pencinta ""Jika Kau Bercinta Lagi"" (Teaser Montage Version 3)",2013-09-23 08:51:56,PT1M1S,15924,53,5,58,
81nuQQcoEKc,"Balada Pencinta ""Anak Kampung"" (Teaser Montage Version 2)",2013-09-14 07:00:13,PT1M5S,15168,49,6,55,
StY5qDiAPBM,KL Zombi - Media Prima Open House,2013-09-13 02:44:30,PT3M48S,27520,68,2,70,
y-Z0z4dncNU,BALADA PENCINTA (OFFICIAL FILEM TRAILER)  -24 OKTOBER 2013-,2013-09-11 02:22:32,PT2M38S,79311,170,24,194,
zyC8tz87PL8,KL Zombi (Miao Miao Vs Little Monster!),2013-09-07 05:30:03,PT42S,91716,145,3,148,
Cmc7rwg04TE,TRAILER KL ZOMBI EXTENDED !!,2013-08-20 11:11:40,PT1M31S,88724,176,0,176,@ZizanRazak @SitiSaleha @IzaraAishah @ZainHamid @IedilPutra @FaezahElai @MJWoo
S1yH0wkBJE4,Music Video KL Zombi 2013!,2013-07-15 02:11:08,PT2M58S,1261151,3306,278,3584,
tg49hHR8xiM,"OFFICIAL TRAILER KL ZOMBI , DI PAWAGAM 29 OGOS 2013!!",2013-07-10 10:01:27,PT1M31S,468768,837,274,1111,"Zizan Razak,Siti Saleha,Izara Aisha,Iedil Putra,Zain Hamid,Usop Wilcha,Faezah Elai"
WDG2Vuyk1rA,KL Zombi Teaser Trailer,2013-06-10 12:55:00,PT31S,216111,345,33,378,"zombie,film,grand brilliance,cathay,tgv,gsc,zizan,siti saleha,horror,comedy"
56yWdhdKDUY,The Making Of | KIL,2013-06-05 10:29:15,PT20M56S,43139,302,74,376,"kil,kil movie,redza minhat,cristina suzanne,grand brilliance,gb,nik amir,rewan ishak"
tHRkh3z41r8,KIL | OST | Rapuh by Pesawat,2013-05-15 11:14:56,PT4M34S,199637,1681,218,1899,"kil movie,KIL,filem KIL,redza minhat,cristina suzanne,grand brilliance,gb,filem,melayu,nik amir,rewan ishak"
i_ihTa2dshk,PECAH | Official Trailer | 13 June 2013,2013-05-13 07:22:48,PT1M1S,50131,97,38,135,"Filem Pecah,Pecah,OST,Turun Dari Langit,Projek Pistol,13 Jun 2013,Filem,Eddry Hashim,Grand Brilliance,Novel,Buku Fixi,Fixi,Cinema,trailer,trailers,action,action movie,Fizz Fairuz,Sofi Jikan,Ako Mustapha,Tony Eusoff,Izreen Azminda,Lightbulb Pictures,TGV,GSC,MBO,LFS,twitter,@PecahTheMovie,#Pecah,Malaysia,2013,Box Office,Action Film (Human Language),Best Seller,Jinggle bell"
cLG3_0DPzCQ,Ujibakat Showdown The Movie | 11 & 12 May 2013 | Auditorium DBKL Jalan Raja Laut,2013-05-08 07:38:29,PT31S,1400,1,0,1,
lpqxkKTA_BM,Bisikan Syaitan | The Making Of | 2 Mei 2013,2013-05-02 10:56:41,PT22M4S,7408,16,1,17,"bisikan syaitan,grand brilliance,gb,fizz fairuz,nabila huda,wan sharmila,azam pitt,faizul a. rashid,filem,melayu,movies,2013,hantu,seram"
rABvWwcHY40,Bisikan Syaitan | TV Promo,2013-04-22 16:04:41,PT31S,2488,13,0,13,"Fizz Fairuz,Nabila Huda,Wan Sharmila,Azam Pitt,Film,GSC,Cathay,TGV,Box Office"
9uzK-gC8Ack,"Bisikan Syaitan | Cast Promo - Fizz Fairuz, Nabila Huda, Wan Sharmila & Azam Pitt",2013-04-22 13:29:09,PT31S,3190,5,0,5,"Bisikan Syaitan,Nabila Huda,Fizz Fairuz,Wan Sharmila,Azam Pitt"
GxaLdPSp4O4,KIL Official Trailer | 30 Mei 2013,2013-04-22 12:58:57,PT1M46S,117946,756,171,927,"Redza Minhat,Cristina Suzanne,Dira Abu Zahar,Juliana Evans,harum Salim Bachik,TGV,GSC,Cathay,MBO,Films,Box Office"
d87fhDwGICs,Bisikan Syaitan | Official Soundtrack | Dewa - Awi Rafael,2013-04-08 03:24:55,PT2M28S,10952,13,1,14,"bisikan syaitan,nirrojim,grand brilliance,gb,fizz fairuz,nabila huda,wan sharmila,azam pitt,filem melayu,2013"
ToBoap4Bnrw,Bisikan Syaitan | Official Trailer | 2 Mei 2013,2013-04-02 18:44:51,PT1M15S,51109,48,15,63,"Fizz Fairuz,Nabila Huda,Wan Sharmila,Azam Pitt,fiza elite,filem,melayu,grand brilliance,gb,movies,bisikan syaitan,nirrojim,2 mei 2013,filem baru,trailer,official"
tZrj7Zgvusc,Sembunyi: Amukan Azazil | Deleted Scenes | Kepala Terbang,2013-03-30 02:39:57,PT45S,82463,46,34,80,"sembunyi amukan azazil,kabir bhatia,remy ishak,diana danielle,umieaida,sharnaaz ahmad,filem,malaysia,melayu,grand brilliance,gb,2013,fizo omar"
Y8Yiq0oFht4,Sembunyi: Amukan Azazil | Di Sebalik Tabir | Part 2,2013-03-18 11:54:14,PT10M18S,16969,84,16,100,"grand brilliance,gb,tmo,remy ishak,diana danielle,umie aida,sharnaaz ahmad,fizo omar,sara ali,sembunyi,amukan azazil,filem,melayu,latest,movie,movies,entertainment,film,2013"
bYXEtkeWZa8,Sembunyi:Amukan Azazil | Di Sebalik Tabir | Part 1,2013-03-18 11:21:04,PT13M7S,64731,204,32,236,"grand brilliance,gb,tmo,sembunyi,amukan azazil,remy ishak,diana danielle,umie aida,sharnaaz ahmad,fizo omar,sara ali,filem melayu,movies,2013,entertainment,film"
YhYJJVcLZ6g,Rock Oo | Tika (LIVE) | Khir Rahman & Pekin Ibrahim,2013-03-09 05:22:40,PT4M21S,33136,190,10,200,
q9rOtzLnsT4,Di Sebalik Tabir Rock Oo | Part 2 of 2 (The Making Of Rock Oo Part 2),2013-02-21 19:03:32,PT12M12S,58657,323,53,376,"rock,rockoo,rock oo,grandbrilliance,grand brilliance,mamat khalid,khir rahman,que haidar,soffi jikan,pekin ibrahim,music,films,malaysianfilms,malaysia,malaysian films,Making,Alternative,Rock Music (Musical Genre),Live,comedy,gb"
WfZdFayBPaA,Sembunyi: Amukan Azazil | MTV OST,2013-02-19 08:12:19,PT2M1S,69466,117,17,134,"MTV,SEMBUNYI,Online,Ver,amukan azazil,diana danielle,remy ishak,umie aida,shaarnaz ahmad,grandbrilliance,gb,grand brilliance,music video,Soundtrack,Original,Track,Awards,Official,Choice,Theme,theme song,hafiz hamidun,kabir bhatia,Song,Best,Theme Music (Musical Genre),sara ali,films,film,movies,movie,malaysian films,malaysianfilms"
VhqCDNPq1pc,"Official Trailer ""SEMBUNYI: AMUKAN AZAZIL"" | In cinemas 28 March 2013",2013-02-06 06:45:51,PT1M33S,106945,182,55,237,"TRAILER,SEMBUNYI,gb,grand brilliance,grandbrilliance,films,movies,Film (Invention),Official Trailer,Film (film),March,Madness,Rules,Theatrical,Team,Teaser Trailer,diana danielle,umie aida,remy ishak,shaarnaz ahmad,sara ali,Theatrical Trailer,Exclusive,malaysian films,malaysianfilms,Trailer (promotion)"
p92EB4TpHA0,"MTV ""Tika"" | Dari OST ""Rock Oo""",2013-01-08 02:42:02,PT4M52S,1703882,10142,506,10648,"Rock Music (Musical Genre),gb,grandbrilliance,grand brilliance,films,movies,Soundtrack,Mtv,Original,Track,malaysianfilms,malaysian films,mamat khalid,soffi jikan,que haidar,pekin ibrahim,khir rahman,saiful apek,music,Theme,rock,rock oo,rockoo"
47OPeQVim00,"Official Trailer ""Rock Oo (Rimba Bara Kembali)"" | In cinemas 28 Feb 2013",2012-12-26 11:53:46,PT1M43S,140887,277,106,383,"TRAILER,ROCK,OO!,HD,FBI,Official Trailer,Theatrical,Trailer (promotion),Teaser Trailer,Rock Music (Musical Genre),Theatrical Trailer,Promotion (marketing),Exclusive,720p,1080p,gb,grand brilliance,mamat khalid,grandbrilliance,que haidar,khir rahman,pekin ibrahim,soffi jikan,comedy,films,movies,saiful apek,rock,rock oo,rockoo,Roll"
Z0MQq0Z_NHM,Lensa Lokasi | Mamak Cupcake | December 2012,2012-12-17 09:38:27,PT4M40S,3066,9,1,10,"Lensa,Lokasi,gb,grand brilliance,grandbrilliance,films,movies,malaysian films,malaysianfilms,mamak cupcake,comedy,shaheizy sam,siti saleha,ezad jasmin,maria farida,Film (Invention),Trailer,Drama,Independent,Film (film),Action,Cinema"
0ubDBD9DHcc,Rock Oo! | Teaser Trailer #2 | In cinemas 28 February 2013,2012-12-06 10:39:26,PT22S,32556,31,6,37,"Rock Music (Musical Genre),Trailer,Official Trailer,Teaser Trailer,Trailer (promotion),Theatrical Trailer,films,movies,malaysianfilms,malaysian films,gb,grand brilliance,grandbrilliance,mamat khalid,khir rahman,que haidar,soffi jikan,pekin ibrahim,saiful apek,rock,rock oo,rockoo"
JFVD3tdWae8,Mamak Cupcake | Shaheizy Sam & Siti Saleha Menari Hindustan,2012-11-22 05:18:50,PT3M11S,111274,314,26,340,"MAMAK,CUPCAKES,PC,Video,Youtube"
0M3KY47vRLg,Istanbul Aku Datang Road Tour Promo (3rd & 4th November),2012-11-01 15:51:57,PT21S,1448,3,0,3,"Istanbul,Aku,Datang,Lisa,Surihani,Tomok,Aizat,Amdan,Beto,Kusyairy"
-iGhaLYD_9I,Teaser Trailer | Rock Oo | In cinemas 28 February 2013,2012-11-01 13:15:57,PT2M12S,129106,187,68,255,"Trailer,Rock Music (Musical Genre),Official,Official Trailer,Trailer (promotion),Teaser Trailer,Theatrical,Theatrical Trailer,gb,grand brilliance,grandbrilliance,films,movies,film,movie,rock,rock oo,rockoo,mamat khalid,soffi jikan,khir rahman,que haidar,pekin ibrahim,malaysian films,malaysianfilms,Promotion (marketing),Film (film),Action,Funny,comedy"
gO0nc-mixNE,Ngorat | Reaksi Penonton di Sekitar Prebiu Media,2012-10-05 07:57:08,PT50S,907,4,0,4,"ngorat,grand,brilliance,filem,melayu,aaron,aziz,aaronators,erra,fazira,iedil,putra"
2U0XBpBpKsk,Penanggal | Teaser Promo (2013),2012-09-27 06:18:44,PT59S,12870,37,7,44,"penanggal,grand,brilliance,astro,shaw,ellie,suriaty,ummi,nazeera"
jwLMacmTSTE,Ayat Ngorat Dari Artis Top Malaysia!,2012-09-20 10:43:55,PT2M51S,423640,1229,191,1420,"ngorat,aaron,aziz,erra,fazira,filem,melayu,2012,faizal,hussein,shaheizy,sam,beto,kusyairy,sharnaaz,ahmad,sein,ruffedge,sofi,jikan,Malaysia,Malay"
FhAGI9dcAsk,Grand Brilliance | Ucapan Hari Raya 2012 (Movie Line-Up) TV Commercial,2012-08-17 04:49:09,PT1M1S,6552,6,0,6,"Grand,Brilliance,Ucapan,Hari,Raya,2012,(Movie,Line-Up),TV,Commercial,Ngorat,Istanbul,Aku,Datang,Bisikan,Syaitan,Sembunyi,Aaron,Aziz,Lisa,Surihani"
Msu0t7_6Ye4,"Ngorat Official Trailer #1 - Di pawagam 4 Oktober 2012 (Aaron Aziz, Erra Fazira & Iedil Putra)",2012-07-17 14:15:51,PT1M31S,54662,94,33,127,"Ngorat,treler,trailer,filem,movie,oktober,2012,aaron,aziz,mustapha,haron,Tags:,melayu,malay,official,johan,raja,lawak,saiful,apek,dato',jalaluddin,hassan,raya,september,lagu,grand,brilliance,line,clear,motion,pictures,ah,cai,kelakar,funny,pranks,jozan,maharajalawak,erra,fazira,nas-t,nas,latest,terbaru,iedil,putra"
CDyp_8S2-7I,First Look | Rock Oo (Rimba Bara Kembali) | In cinemas 28 February 2013,2012-07-10 02:08:12,PT1M29S,99204,127,50,177,"promo,filem,melayu,rock,rimba,bara,kembali,mamat,khalid,que,haidar,amy,mat,piah,khir,rahman,saiful,apek,pekin,ibrahim,kapak,gitar,rock oo,rockoo,gb,grand brilliance,grandbrilliance,films,film,movies,movie,trailer,mamat khalid,soffi jikan,khir rahman,que haidar,pekin ibrahim,Malaysia,malaysianfilms,malaysian films"
drhrUx-5w4U,Audition Filem Anak Jantan,2012-07-09 09:12:21,PT7M7S,51787,150,21,171,"audition,anakjantan,silat,taekwando,muay,thai,karate,krav,maga,gaduh,filem,melayu,grand,brilliance,2013,casting,pelakon"
3oUtf5v7PKY,"KL Zombie Interview (Woo Ming Jin, Iedil Putra, Khir Rahman, Ogy Ahmad Daud)",2012-05-29 03:43:23,PT7M25S,12484,25,5,30,"klzombie,interview,set,pengarah,zombijaya,fixi,zizan,raja,lawak,izara,aishah,iedil,putra,jozan,filem,melayu,malaysia,tempatan,sinema,akan,datang"
IUuaWSkJBxc,Johan Asari Menyanyi Untuk Siti Saleha (Pencinta 2013),2012-05-29 03:11:41,PT51S,28431,56,7,63,"mtv,pencinta,khir,rahman,grand,brilliance,johan,asari,siti,saleha,sein,ruffedge,filem,movie,malay,melayu,2013,zizan,raja,lawak,super,spontan,kl,zombie,pecah,ngorat"
BpIqlpdStFA,MTV Gula-Gula Getah - i.farah (OST ChowKit),2012-04-28 03:23:56,PT3M36S,26506,134,22,156,"i.farah,mtv,gb,chowkit,beto,kusyairi,dira abu zahar,lana nodin,music,video clip,live music,nsr music publishing"
QPJT5piNl8U,Chow Kit 2012 - Interview with Beto Kusyairi,2012-04-20 14:19:53,PT1M42S,6475,17,2,19,"chow,kit,gb,grand,brilliance,Youtube,primeworks"
HtDAOXeFldI,Chow Kit Road @ Media Prima,2012-04-18 09:47:05,PT36S,1153,4,0,4,"chow,kit,filem,melayu,mei,2012,akan,datang,trailer,promo,movie,beto,kusyairy,lana,nodin,dira,abu,zahar,yasmin,hani,grand,brilliance"
j5yff8UrPHI,Chow Kit Official Trailer (3 Mei 2012),2012-03-02 14:12:31,PT1M28S,199751,235,50,285,"chow,kit,kehidupan,life,chowkit,wayang,zizan,gangster,awie,pekida,line,jozan,johan,maharajalawak,maharaja,lawak,boboi,pukul,awek,sekodeng,skodeng,kotor,pencuri,afdlin,shauki,raja,gengster,melayu,boleh,dira,abu,zahar,lana,nordin,namron,yusry,lisa,surihani,jam,shaheizy,sam,nongkrong,metrowealth,mig,filem,aksi,action,malaysia,ke,der,sampah,harun,salim,bachik,jambu,budak,kecik,parang,tetak"
uwN0N09FzF0,SeeFood (8 Mar 2012),2012-02-17 12:57:56,PT1M42S,65358,180,7,187,"movie,malaysia,filem,animasi,animation,Film,Trailer,Trailer (promotion),Promotion (marketing),Finding,Nemo,Seefood,Seafood,Cartoon,Grand,Brilliance,Sharks,Toy,Story,Chicken,Ayam,Cinema,TGV,GSC,3d"
PANHhw8E30U,Behind The Scenes of Pecah,2012-02-14 12:43:58,PT5M11S,4063,17,3,20,"Behind,The,Scenes,of,Pecah"
LDFfawhyVbw,Songlap-Everlast Spree,2012-02-13 13:40:21,PT5M31S,911,3,0,3,"Songlap,Everlast,Spree,Shaheizy,Zam,Contest,Twitter,Movies,Malay,Malaysia"
EZaKI9qEG_U,Chow Kit (3 Mei 2012),2012-01-30 11:18:45,PT10S,25802,13,0,13,"Trailer,(promotion),Filem,Melayu,Songlap,Ombak,Rindu,Chow,Kit,Lana,Nordin"
qyMr9qFB03U,Chow Kit (3 Mei 2012),2012-01-30 05:53:42,PT11S,19033,9,0,9,"Trailer (promotion),Filem,Melayu,Songlap,Ombak Rindu,Chow Kit,Lana Nordin"
C7GDw8uBXG4,Sesuatu Yang Tertinggal (5 Jan 2012),2011-11-29 10:20:47,PT1M28S,45891,88,10,98,"trailer,filem,melayu,zahril,adzim,sara,ali,shera,aiyob,movie,drama,grand,brilliance"
8icHO4q5oLQ,"Songlap 15 Disember 2011 (Shaheizy Sam, Syafie Naswip & Sara Ali)",2011-11-16 06:41:56,PT31S,4682,17,1,18,"maharajalawak,maharaja,lawak,johan,ah,cai,boboi,sesuatu,yang,tertinggal,raya,tak,jadi,afdlin,shauki,jozan,raja,zizan,sepah,melayu,cerita,filem,pendek,ghairah,seks,shaheizy,sam,sara,ali,syafie,naswip,yasmin,ahmad,iklan,kelakar,funny,jokes,humor,pranks,aksi,baby,sekolah,music,video,mahathir,anwar,awek,cun,sekodeng"
45p04y1ug5E,"Songlap 15 Disember 2011 (Shaheizy Sam, Syafie Naswip & Sara Ali)",2011-11-16 05:33:12,PT31S,2471,5,0,5,"maharajalawak,maharaja,lawak,johan,ah,cai,boboi,sesuatu,yang,tertinggal,raya,tak,jadi,afdlin,shauki,jozan,raja,zizan,sepah,melayu,cerita,filem,pendek,ghairah,seks,shaheizy,sam,sara,ali,syafie,naswip,yasmin,ahmad,iklan,kelakar,funny,jokes,humor,pranks,aksi,baby,sekolah,music,video,mahathir,anwar,awek,cun,sekodeng"
